feature,importance
clogp,0.022395547891271586
sa_score,0.010010392473141318
qed,0.00952029324543859
MolWt,0.008747893699417428
fcfp_18,0.003831952516220193
ecfp_807,0.003329194218275949
fcfp_926,0.0032542533550548127
fcfp_822,0.0027969922952198476
ecfp_893,0.002654401443269378
ecfp_219,0.0026151948400920705
fcfp_546,0.0025863366582524225
fcfp_32,0.0025588796877977315
ecfp_767,0.0022316519049590815
ecfp_887,0.0021874408948073533
ptfp_756,0.002129203617238933
fcfp_24,0.0020299155733763457
ecfp_650,0.0018873900647322413
ptfp_946,0.0018767844082254008
fcfp_1,0.0017658567225943755
ptfp_605,0.001748892038508517
ecfp_511,0.0017292545689181259
ptfp_53,0.001680833755273914
fcfp_825,0.0016522668103526132
ecfp_425,0.0016460566735380902
fcfp_671,0.001613422738913519
ptfp_874,0.0015938471639917098
fcfp_365,0.0015876567775326414
fcfp_598,0.0015834447140085693
ecfp_80,0.0015445628163170946
ptfp_631,0.0014663012643565153
ecfp_730,0.0014523196557756663
ptfp_666,0.001449854437507094
fcfp_526,0.00138864647952985
ptfp_984,0.0013595571403208406
ecfp_659,0.0013486747022874131
ptfp_284,0.0013444325327424443
fcfp_891,0.0013365390703124786
ptfp_169,0.0013230615708086982
ptfp_376,0.001312940289515764
ptfp_357,0.0013085021137514913
ecfp_216,0.001264784176065081
fcfp_3,0.0012367333774695457
ecfp_64,0.001220429606247717
ecfp_158,0.0011967638042192858
fcfp_792,0.001187008684297589
fcfp_146,0.0011809569419933706
ecfp_653,0.0011719409751324483
fcfp_322,0.0011676255172881267
ptfp_18,0.0011604885277199765
ptfp_982,0.0011604759605988604
fcfp_468,0.0011582720962114005
ptfp_308,0.0011540444575491235
ptfp_1021,0.0011507429155800328
ptfp_396,0.0011499845334018539
fcfp_1017,0.00114675878650577
ecfp_116,0.0011441617135081144
ptfp_285,0.0011359715639077115
ptfp_349,0.001132454597778971
fcfp_806,0.0011298587513227298
ecfp_523,0.001123790508546712
fcfp_699,0.0011212529149692608
fcfp_61,0.0011125694932710556
ecfp_121,0.001105137180277816
ptfp_599,0.0011033627640626522
ecfp_15,0.0010997846983609614
ptfp_892,0.0010854617933336124
ptfp_276,0.0010835007791905513
ecfp_147,0.001082174358156296
ecfp_875,0.0010746932117015621
fcfp_804,0.0010726840642724545
ecfp_497,0.0010725194109789265
ptfp_954,0.0010671876116868332
ptfp_751,0.0010572499689172298
fcfp_532,0.0010511236389245725
ecfp_456,0.0010461374406052798
ptfp_886,0.001044866446002751
fcfp_19,0.0010446154013674974
fcfp_8,0.0010428440315220003
ecfp_33,0.0010398255807705266
fcfp_349,0.0010367871685975005
fcfp_1015,0.001031058824284895
ecfp_641,0.0010250442699521645
fcfp_691,0.001021839534841001
ptfp_621,0.0010208526066827703
ecfp_564,0.0010155971934750854
ptfp_879,0.0010125068243613366
ptfp_222,0.0010094758923630729
ptfp_598,0.001009410195284605
ptfp_996,0.0010014175752184628
ecfp_389,0.0009862608341583855
ecfp_386,0.000980879421773378
ecfp_90,0.000979401233583413
ecfp_695,0.0009793178164717463
ecfp_4,0.0009776017678662337
fcfp_1008,0.0009661929949665193
ecfp_128,0.000959991496482318
ptfp_7,0.0009592414490102404
ptfp_899,0.0009565874153955238
ptfp_415,0.0009527688341553457
ptfp_1014,0.0009493186462525877
ecfp_378,0.0009492667905101121
ptfp_260,0.0009490387607598366
fcfp_195,0.0009474651782575048
fcfp_566,0.0009436859162366571
ecfp_698,0.000943291398339643
fcfp_59,0.0009409802753524498
ecfp_985,0.0009399137561715164
ecfp_747,0.0009388894416277967
ecfp_841,0.0009382676682016404
fcfp_110,0.0009364302435919235
ptfp_143,0.0009361884766442277
ecfp_428,0.0009346976637676082
ptfp_27,0.000933532016804642
ptfp_138,0.000933064527550707
fcfp_826,0.0009297328559615642
fcfp_131,0.0009287335408205424
ptfp_216,0.000918249823317343
fcfp_590,0.0009165090147129689
fcfp_685,0.0009153468329349247
ecfp_561,0.0009148254106081897
ptfp_119,0.0009092528447094878
fcfp_502,0.0009058547482875467
ptfp_615,0.0009019060685695934
ecfp_881,0.0009017180045764176
fcfp_666,0.000901579654077405
ptfp_408,0.0009005921564811267
ptfp_983,0.0008999792793149312
ptfp_256,0.000899367792909832
ptfp_385,0.0008991943163863449
ecfp_842,0.0008959430550354853
ptfp_358,0.0008942994844647114
ptfp_418,0.0008924554894329598
ecfp_175,0.0008904829434217494
ptfp_398,0.0008899234090768632
ecfp_102,0.000886098048430257
ecfp_480,0.0008836328493499491
ptfp_534,0.0008833583519255064
ptfp_368,0.0008803126723974733
fcfp_928,0.0008777771559833475
ptfp_941,0.0008752037252310984
fcfp_650,0.000874074653861336
ptfp_862,0.0008726786603822905
ecfp_117,0.000870180089083491
fcfp_370,0.0008695158163297327
ecfp_765,0.0008691233078072955
ptfp_592,0.0008677555297962228
ptfp_681,0.0008676599369566019
ecfp_484,0.0008660955404707719
ptfp_616,0.0008647321824890447
ecfp_214,0.00086203297233699
ptfp_505,0.0008618392212782337
ptfp_564,0.0008591253752870346
fcfp_966,0.0008584812305663015
fcfp_644,0.0008556299346208501
fcfp_648,0.0008497845073715958
ecfp_350,0.0008496255137305019
ptfp_612,0.0008478068030415629
ptfp_953,0.0008457936783196375
ecfp_341,0.00084257789319931
ptfp_5,0.0008424982842565454
ecfp_816,0.0008419710453134183
fcfp_733,0.0008405213174499434
ptfp_968,0.000839259915827698
fcfp_6,0.0008348929325838092
ptfp_940,0.000834329370912724
ptfp_752,0.0008320847696531289
ptfp_859,0.0008319763529760305
ecfp_8,0.0008293495862448286
fcfp_713,0.0008281967976541748
ptfp_816,0.0008274057351492857
ptfp_895,0.0008271137548370763
fcfp_649,0.0008257641672953365
fcfp_779,0.0008249555952066027
ptfp_156,0.00081757905829712
ptfp_521,0.0008175642474243301
ecfp_712,0.0008168627854866485
ecfp_565,0.0008141014639330117
ptfp_1008,0.0008135524403569419
ecfp_718,0.0008119691739020801
ptfp_463,0.0008114445386155342
ecfp_904,0.0008083613342256544
ptfp_600,0.0008082342169122413
ptfp_715,0.0008074629803277172
ptfp_287,0.0008064801389081577
ptfp_237,0.0008039243089819593
fcfp_490,0.0008020150781701368
ptfp_363,0.0008016280220725446
ptfp_324,0.0008014653946862231
ptfp_59,0.0008010246151504049
ecfp_896,0.000798460836824546
ecfp_301,0.0007968216476397506
ptfp_267,0.0007958200943460153
ecfp_1,0.0007956728642628264
fcfp_428,0.0007935280538400722
ptfp_556,0.0007924414300820925
fcfp_193,0.0007912221383464788
ptfp_454,0.0007905932573452331
ptfp_649,0.0007890835511102499
ecfp_699,0.0007845628967712839
ptfp_627,0.0007836162692768544
fcfp_429,0.0007830146825245177
fcfp_379,0.0007828861678252676
ecfp_831,0.0007826593989112559
ptfp_934,0.0007826030726439657
ecfp_361,0.0007821789280113414
ecfp_553,0.000780676644331176
ptfp_851,0.0007794942201349372
fcfp_693,0.000779045167221858
fcfp_746,0.0007786925745550467
ptfp_6,0.0007784662530741475
ptfp_726,0.000778212285730931
ptfp_901,0.0007778413374349012
ptfp_577,0.0007774969056127863
ecfp_579,0.0007773805436203559
ptfp_374,0.0007756855637928969
ptfp_723,0.0007721120013418796
ptfp_232,0.0007712107147017108
ptfp_1013,0.0007709076066418439
ecfp_294,0.0007694976777912611
ecfp_656,0.0007687978066902101
fcfp_442,0.0007674245944011086
ecfp_305,0.0007663136314045202
ptfp_823,0.0007642576121322422
ptfp_986,0.0007621101021411581
ptfp_829,0.0007613685033256075
ptfp_85,0.0007605135930958076
ecfp_1019,0.0007592596907261486
ptfp_136,0.0007587233337825262
fcfp_1011,0.000756977144053764
ptfp_978,0.0007568824964297343
fcfp_848,0.0007527852213832009
ptfp_803,0.0007524697169817158
ptfp_1017,0.0007512828500125355
ptfp_188,0.0007505757482838698
ptfp_113,0.000750563103606139
ptfp_281,0.0007502847211808651
ptfp_442,0.00074970987617152
fcfp_615,0.0007497027695441118
ptfp_333,0.0007483529673018336
fcfp_719,0.0007477070607640404
ptfp_258,0.0007475036215185745
ptfp_719,0.000747311014367428
ecfp_140,0.000747274408799778
ptfp_981,0.0007472420460787186
ptfp_990,0.0007449346757852525
ptfp_602,0.0007434695601139563
ecfp_739,0.0007429095339787922
ptfp_259,0.0007389696326945511
ptfp_563,0.0007380426576189795
ptfp_104,0.0007378380765449574
ptfp_834,0.0007375345886329966
ptfp_266,0.0007342315779031728
ptfp_19,0.0007336721351813
ecfp_310,0.0007332081840271527
ptfp_961,0.0007320163395266384
ecfp_935,0.0007305912629493266
ptfp_430,0.0007300469351879635
fcfp_821,0.0007295252363736268
ptfp_790,0.0007273804042808003
ptfp_2,0.000725248930881307
fcfp_901,0.0007228380441450861
ecfp_562,0.0007215366063336887
ptfp_298,0.000720969241066679
ptfp_893,0.0007199255702054397
ptfp_240,0.0007187070973504194
ptfp_481,0.0007178043481352844
ptfp_724,0.0007158669138019996
ptfp_462,0.0007156935839494383
ptfp_33,0.0007148684825898493
ptfp_16,0.0007138481805331729
ptfp_326,0.0007138169949968803
ecfp_283,0.0007125389440025861
ptfp_647,0.0007124729422620842
ptfp_473,0.0007114753840184752
ptfp_966,0.0007100276610917393
ecfp_512,0.000709417032075497
ptfp_184,0.000709318420176608
ptfp_614,0.0007085184879090464
fcfp_232,0.0007080370092597457
ptfp_269,0.0007078440860259108
ptfp_639,0.0007070599953341589
fcfp_217,0.000704935339847787
ptfp_728,0.000704628543695032
ecfp_950,0.000703797683451327
ecfp_360,0.0007035434320857408
ptfp_241,0.0007033926329899061
ptfp_107,0.0007031103275956585
ptfp_197,0.0007019366934920805
fcfp_464,0.0007008456980673397
ptfp_134,0.0007001443360227629
ptfp_13,0.0006993317014111692
ecfp_486,0.0006988605916391529
fcfp_805,0.0006974485149760197
ptfp_531,0.0006969389034560422
fcfp_576,0.0006960816671505984
ptfp_933,0.0006954602957788594
ecfp_222,0.0006949205378478902
fcfp_144,0.0006907040673279993
fcfp_807,0.0006894898719359069
ecfp_674,0.0006879462993139579
ecfp_255,0.0006872790645238798
ecfp_556,0.0006869671758176592
ptfp_856,0.0006863045461794814
ptfp_153,0.000683070571245496
ptfp_471,0.0006826125548192637
ptfp_553,0.0006823931155537752
ptfp_938,0.0006809993071032894
ptfp_917,0.000680959080080078
ptfp_561,0.0006798546856042669
ecfp_355,0.0006794451273071521
ptfp_500,0.0006787918323293245
ptfp_286,0.0006765637509089759
ptfp_733,0.0006763620433892445
ecfp_433,0.0006763355449317493
ptfp_546,0.0006747847468110635
ecfp_19,0.0006743655224334292
fcfp_371,0.000674280942896108
ptfp_452,0.0006726265844160495
fcfp_1020,0.0006722680371519486
ptfp_779,0.0006716863425869086
ptfp_845,0.0006704938807479487
ptfp_952,0.0006703978227288178
ptfp_367,0.0006697954236601892
fcfp_1016,0.0006689774969451214
ecfp_790,0.0006663949150454159
ptfp_164,0.0006655951956082996
ptfp_739,0.0006655371631283437
fcfp_285,0.0006654178043501185
ptfp_176,0.0006646761108958496
ptfp_206,0.0006637942400801458
ptfp_568,0.000663151428382277
ecfp_114,0.0006630895830034262
ptfp_844,0.0006625273837123517
ptfp_548,0.0006610385055348002
ecfp_663,0.0006609424984989606
ptfp_93,0.0006601868342392736
ptfp_480,0.000659661140776926
ptfp_457,0.0006591793787646416
ptfp_636,0.0006589825709356453
ptfp_962,0.0006575553637944793
ptfp_841,0.0006575456965003186
ecfp_314,0.0006571505001804022
ptfp_332,0.0006561393706416545
ptfp_460,0.000656010371405007
ptfp_69,0.0006545351752175728
ecfp_646,0.0006540695632653514
ecfp_860,0.0006532589827318746
fcfp_192,0.0006510471195881687
fcfp_224,0.0006509297371057982
ptfp_939,0.0006507349739236106
ptfp_23,0.0006506976825071795
ecfp_452,0.0006506854160123062
ecfp_448,0.0006500348292612779
ptfp_848,0.0006496667249353184
ecfp_946,0.0006492097200871149
ptfp_314,0.0006482280698498656
fcfp_968,0.0006479684052657152
fcfp_366,0.0006475814241334228
ecfp_458,0.0006475269859976087
ptfp_580,0.0006468749397187209
fcfp_915,0.0006446316082221702
ptfp_235,0.0006444872937384489
fcfp_211,0.000643260821388695
ecfp_974,0.0006413133252311689
ptfp_837,0.0006409378624876312
ptfp_405,0.0006408468325793576
ptfp_543,0.0006402345229086946
ecfp_308,0.0006393707738848064
ecfp_322,0.0006391931227326263
ptfp_294,0.0006368516478552847
ecfp_319,0.0006363249661138993
ptfp_250,0.0006350635735878419
ptfp_894,0.0006346234349398857
ptfp_746,0.0006345249630722851
ptfp_1002,0.0006342024870222289
ptfp_909,0.0006339465311484537
ecfp_197,0.0006332271656536721
ptfp_506,0.0006326659818451054
ecfp_112,0.0006317057516515218
ecfp_888,0.0006308091124981581
fcfp_583,0.0006306215479490734
fcfp_857,0.0006305375826372089
ptfp_456,0.0006300300569693133
ptfp_835,0.0006297277089827676
fcfp_646,0.0006294869265314921
ptfp_635,0.0006293158763423959
ptfp_399,0.0006287633308124722
ptfp_22,0.0006283445121481493
ptfp_242,0.0006277028164749401
ptfp_459,0.0006274053176259736
ptfp_485,0.0006262690066406666
fcfp_33,0.0006260752061693484
ptfp_245,0.0006251686361138784
ptfp_780,0.0006251612581802302
ecfp_218,0.0006251093469528018
ptfp_102,0.0006243378061799587
ptfp_274,0.0006238032083582338
ecfp_573,0.0006232619585081322
ptfp_91,0.0006214534606365896
ecfp_463,0.0006210313246236858
ptfp_472,0.0006210043482683568
ptfp_575,0.0006200786495570385
ptfp_567,0.0006198078090179126
ptfp_182,0.0006194867563795933
ptfp_665,0.0006194047956679296
fcfp_44,0.000618069979690066
ptfp_496,0.0006173520891942722
ecfp_381,0.0006166992593579498
ecfp_139,0.0006154466112983532
ecfp_610,0.0006143487437776399
ptfp_819,0.0006137401881324434
ecfp_784,0.0006129267670690253
fcfp_543,0.0006121385684546791
fcfp_199,0.0006121379155126399
ptfp_247,0.0006110773041368412
fcfp_802,0.0006107808309426171
ptfp_625,0.0006103282323185491
ptfp_44,0.000610176975247843
ptfp_369,0.0006084628940784637
ptfp_994,0.0006077933272276493
ecfp_136,0.0006073115397604748
ptfp_980,0.0006066778828249803
ptfp_976,0.0006030579093158426
ptfp_45,0.0006021665388678729
ptfp_910,0.0006014209054500389
ptfp_288,0.0006013336450770696
ptfp_144,0.0006010133224144274
ecfp_926,0.0006003055025772093
fcfp_894,0.0005999361331158734
ptfp_120,0.0005984392318534574
ptfp_174,0.000597843265451689
ptfp_918,0.0005967044210547258
ptfp_171,0.0005962077977703413
ptfp_905,0.0005961327322538917
ptfp_836,0.0005953205810325146
ptfp_280,0.0005929643600150094
ecfp_383,0.0005925703421365363
ecfp_897,0.0005918945115012917
ecfp_379,0.0005913979135594409
fcfp_149,0.000591259848526703
ptfp_401,0.0005889395641807705
ptfp_738,0.0005882878501514731
ptfp_690,0.0005882640613832896
ptfp_714,0.0005874692686752778
ptfp_94,0.0005854099327144256
ptfp_32,0.0005850985528554971
ptfp_645,0.0005850977016316252
ecfp_236,0.0005846461550251069
ptfp_152,0.0005841042494337551
ptfp_806,0.0005834270191161121
ecfp_980,0.0005824184083348517
ptfp_72,0.0005823350070371629
ptfp_455,0.000581882550805241
ecfp_42,0.000581879146530805
ecfp_46,0.0005811855299743966
ptfp_914,0.0005807682353334087
ptfp_660,0.0005804723701293588
ecfp_667,0.0005796995098110381
ecfp_407,0.0005795071303126843
ptfp_931,0.0005791465561168475
ptfp_544,0.0005790606675804205
ptfp_264,0.000579025458117067
ecfp_932,0.0005783310524377365
ecfp_285,0.0005780925916383016
ecfp_759,0.0005778328938678449
ptfp_58,0.000577489794319147
ptfp_476,0.0005767181652608042
ptfp_214,0.0005762213772319876
ptfp_718,0.0005761486893422166
fcfp_642,0.0005755318298547267
ecfp_119,0.0005730180110166583
ptfp_876,0.0005728932123293198
ptfp_118,0.000572696089218315
ecfp_392,0.0005725266836694191
ptfp_579,0.0005722532504789184
ptfp_667,0.0005715735454133704
ptfp_300,0.0005709081292967483
ecfp_138,0.0005708695896101703
ptfp_656,0.0005706178675252295
ptfp_755,0.0005703044673287606
ptfp_777,0.0005701040013342681
ptfp_796,0.0005696608946107949
ecfp_937,0.00056920462940336
ptfp_951,0.0005691305996087207
ptfp_17,0.0005676323527396439
ptfp_204,0.0005669810592277282
ecfp_212,0.0005664117987890863
ptfp_973,0.0005663623078438528
ptfp_846,0.0005655176249961902
ecfp_417,0.0005655027986675189
ecfp_233,0.0005647629402879582
ecfp_940,0.0005642104919892169
ptfp_765,0.0005641086342644534
ptfp_491,0.0005640068508915752
fcfp_152,0.0005639781743278547
ptfp_537,0.0005639251528833883
ptfp_727,0.0005628185342335539
ecfp_237,0.0005622128162568245
ecfp_36,0.0005614998857585573
ecfp_549,0.0005611683614532976
ecfp_184,0.0005609888971026281
ptfp_826,0.000560844196067219
ptfp_731,0.0005606168785503414
ptfp_20,0.0005605627228480071
ptfp_1019,0.0005593342836011727
ptfp_860,0.0005588003284475064
fcfp_835,0.0005586166236829534
ptfp_14,0.0005585295823973073
ptfp_464,0.0005583211390465956
ptfp_381,0.0005581641088857212
fcfp_74,0.0005578042460034944
ptfp_90,0.0005577270699014294
ptfp_12,0.0005577144529800048
ecfp_734,0.0005575263690472048
ecfp_961,0.0005569179643726949
ecfp_429,0.0005549386510695323
ptfp_562,0.0005544541898239285
fcfp_237,0.0005543428741837417
ecfp_593,0.0005542840199521212
ptfp_81,0.0005540336275686794
ptfp_185,0.0005538393386895383
ptfp_741,0.0005536034017990062
ecfp_736,0.000553319431703604
ptfp_985,0.0005532394073870952
ptfp_495,0.000552892987184642
fcfp_865,0.0005525133830908829
ptfp_200,0.0005518614363164191
ecfp_930,0.0005517037358485191
ptfp_198,0.0005510361936443426
ptfp_868,0.0005504865307760179
ptfp_926,0.0005502789354512943
ptfp_683,0.0005500918527906851
fcfp_143,0.0005499943661237341
ecfp_352,0.0005482584192591482
ptfp_409,0.0005478038866835411
ptfp_766,0.0005476782883657728
ptfp_783,0.0005468837578078502
ptfp_788,0.0005466653721247724
ptfp_997,0.0005461910836785098
ecfp_367,0.0005454797383513555
ptfp_988,0.0005449493347565287
ptfp_10,0.0005439765197912816
ptfp_414,0.0005429282525694027
ecfp_714,0.0005424728706024432
ecfp_922,0.0005417591303662126
ptfp_684,0.0005416402245296233
ecfp_13,0.0005414229024253552
ptfp_195,0.0005410388810665993
ptfp_310,0.0005409830847617096
ptfp_422,0.0005401238889301479
ptfp_559,0.0005385699359206118
ptfp_610,0.0005383607112533475
ptfp_301,0.0005383308197901619
ptfp_693,0.0005382204781116589
ptfp_700,0.000538133514442162
ptfp_26,0.0005374213568503515
ecfp_967,0.0005373108577972144
ptfp_774,0.0005372866105392376
ptfp_76,0.0005370598518434066
fcfp_814,0.0005370167560072459
ecfp_726,0.0005367432698956084
ecfp_284,0.0005361325651547233
fcfp_708,0.0005352166157902325
ptfp_371,0.0005350536495683159
fcfp_355,0.000534667024225815
fcfp_545,0.0005334659731440637
fcfp_761,0.0005330346430226352
fcfp_893,0.0005325909166623176
ptfp_936,0.0005323719029102628
ptfp_228,0.0005319710456330829
ptfp_194,0.0005308840798057805
ptfp_378,0.0005308032425467047
ecfp_700,0.000530754562982937
ptfp_703,0.0005296338959228186
ptfp_187,0.000529562957443907
ptfp_328,0.0005282495872432991
ptfp_813,0.0005272346216174911
fcfp_495,0.0005259245955643473
ecfp_801,0.000525175747181142
ecfp_325,0.0005251198661877182
ecfp_1017,0.0005251195901662496
ptfp_528,0.0005250550549469887
ecfp_256,0.0005236488334625628
ptfp_540,0.0005231689045486425
ecfp_673,0.000522989627198811
ecfp_809,0.0005216473686510085
ptfp_372,0.0005210445782939409
ptfp_707,0.000520715322021928
ecfp_741,0.0005202729744940598
ptfp_657,0.000519362348280519
fcfp_454,0.0005176305512323983
fcfp_445,0.0005170624136802424
ecfp_393,0.0005165213091142698
ecfp_366,0.0005161847012882302
fcfp_763,0.0005161707725081062
fcfp_180,0.0005155233293509042
ptfp_323,0.0005154329242416678
ecfp_724,0.0005153860000775553
fcfp_461,0.0005142985491714115
ecfp_806,0.0005139836726279009
ecfp_703,0.0005121468081592533
ptfp_97,0.0005111582295452474
ptfp_315,0.0005089819976733001
ecfp_333,0.0005088029797372309
ptfp_126,0.0005087405454282111
ptfp_889,0.0005086426111411528
fcfp_471,0.000507820395103073
ecfp_104,0.0005076847609369983
ptfp_581,0.0005071967609048036
ptfp_1004,0.0005065730508370146
ecfp_502,0.0005062856898299133
ecfp_652,0.0005059782271351219
ptfp_227,0.0005044830584198307
ptfp_873,0.0005042053494914708
ptfp_192,0.0005041447859311302
ecfp_309,0.0005037995802556973
ptfp_355,0.000503195488935297
ecfp_785,0.000502515119048725
ecfp_130,0.0005024938584881099
ecfp_927,0.0005023412725672075
ptfp_710,0.000500938249983082
ecfp_489,0.0004993661353438888
ptfp_183,0.0004982375997771725
ptfp_130,0.0004975932823232718
ptfp_900,0.0004975824340276538
ecfp_886,0.0004973984175132894
ptfp_226,0.0004960151472875625
fcfp_1010,0.0004956466126327938
fcfp_665,0.0004953994124873285
ptfp_519,0.0004952576631421249
fcfp_839,0.0004949925181075074
ptfp_716,0.0004934174069495184
ptfp_566,0.0004926441261482239
ecfp_595,0.0004924905385055527
fcfp_809,0.0004922813861377507
ecfp_558,0.0004921662978504238
ptfp_975,0.0004920801665533432
ptfp_302,0.0004920009424821042
ptfp_671,0.0004911257297352157
ecfp_193,0.0004908479482727161
ptfp_263,0.000490369290562362
ptfp_353,0.0004901755481023358
ptfp_47,0.0004900428638578365
ecfp_779,0.0004890465957895138
fcfp_126,0.00048798497148400274
ptfp_444,0.0004872977440311176
fcfp_875,0.00048696993733943336
ecfp_472,0.000486708591063806
ptfp_838,0.0004863864867223628
ecfp_242,0.0004857155123595174
ecfp_437,0.0004854721875286477
ecfp_231,0.00048499348323677093
fcfp_564,0.000484756330054052
ptfp_101,0.00048364980966366977
ptfp_445,0.0004830809211407648
ptfp_601,0.00048300542759158736
ecfp_10,0.00048295895024964825
ecfp_557,0.00048285799293938425
ecfp_589,0.000482110549435897
ptfp_157,0.0004821013536443228
ptfp_160,0.00048180316557908684
ecfp_792,0.0004814412995199239
fcfp_1009,0.0004805843151487503
fcfp_233,0.00048001028055915583
ptfp_713,0.00047992497080604494
ptfp_99,0.0004798281316825061
ptfp_839,0.00047962765569623916
ecfp_73,0.00047924796955035355
fcfp_577,0.00047917169276159394
ecfp_781,0.0004790245887461607
ecfp_29,0.0004779089901232368
ptfp_487,0.00047752066321945813
ptfp_295,0.00047733578821838185
ptfp_255,0.00047716602344594343
ptfp_128,0.0004768580601887889
ecfp_338,0.0004765392681468688
ecfp_268,0.00047627873300929845
ptfp_468,0.00047615456250328745
ptfp_847,0.00047602973280727454
fcfp_791,0.00047581414147041993
ptfp_325,0.00047577945205891354
ecfp_118,0.0004745375376957269
ptfp_467,0.0004732810006131408
ptfp_225,0.00047078485913321414
ptfp_633,0.000469523337467368
ptfp_83,0.00046938009173705955
fcfp_714,0.00046934316705830637
ecfp_249,0.00046857947761617214
fcfp_499,0.0004684666724164733
ecfp_39,0.0004682231893439592
ecfp_976,0.00046817091189019705
ptfp_542,0.00046799713261884375
ptfp_971,0.00046757729424655805
ptfp_262,0.00046728508670024085
ptfp_486,0.0004671724193405517
ptfp_510,0.0004665858120676418
fcfp_604,0.00046454375675082426
fcfp_121,0.0004641050622074447
ecfp_530,0.000462939432636113
fcfp_886,0.00046281816804673043
ecfp_680,0.0004623530040861932
fcfp_716,0.0004623366080240981
fcfp_418,0.00046210593423829575
ecfp_798,0.00046208734854835676
fcfp_744,0.0004610103767659112
fcfp_729,0.00046022112732810983
ptfp_524,0.00045978988139179744
ptfp_965,0.00045783169465551807
fcfp_476,0.00045763000940958774
ecfp_694,0.00045759471522014664
ptfp_545,0.00045711414863658996
ptfp_522,0.00045678191554406343
ecfp_74,0.00045667433383301853
ecfp_855,0.00045633718629588314
ptfp_888,0.00045626117890784
ptfp_92,0.0004552184311136896
ecfp_227,0.00045448335582502883
fcfp_5,0.00045324254797099315
fcfp_908,0.0004521173637863177
ecfp_908,0.00045160398537601995
ecfp_715,0.00045089831662960695
ptfp_609,0.00045044313060945145
ecfp_890,0.0004502292501988272
ptfp_125,0.0004500770683525834
ecfp_165,0.00045001503338694415
ptfp_432,0.0004496336862358632
ptfp_729,0.0004495359227992466
ptfp_514,0.0004486141627391464
ecfp_464,0.00044814307915267283
fcfp_690,0.000448101904880838
ecfp_2,0.00044759718557373194
ecfp_422,0.0004471992567278972
ecfp_1005,0.00044701626451157297
ecfp_898,0.0004464274296104512
ptfp_4,0.0004459591641235103
ecfp_622,0.0004455501041286957
fcfp_266,0.000445101480963869
fcfp_351,0.00044488756324354933
fcfp_21,0.00044369367744917244
ptfp_607,0.0004433273888883084
ptfp_251,0.00044278176356829746
ptfp_571,0.00044264060245418783
fcfp_934,0.0004426384086947445
ecfp_1009,0.00044244376894950064
ecfp_430,0.00044220845412088275
fcfp_75,0.0004417624988368101
ecfp_786,0.00044093212648619044
ptfp_682,0.0004406912021092034
ecfp_545,0.00043988729567364255
ptfp_620,0.0004390226463231251
ptfp_199,0.00043814688768485205
ptfp_742,0.0004378769973426742
ptfp_150,0.0004370594987637372
ptfp_701,0.0004369095996439804
ecfp_997,0.00043575584985369904
ecfp_629,0.0004353877366444978
ptfp_406,0.00043492721659506913
ptfp_492,0.0004345549210877887
ptfp_603,0.00043420946348172963
ptfp_638,0.00043415185535701343
ptfp_831,0.00043346494640716444
fcfp_230,0.0004329302106627369
ptfp_351,0.000431702383569525
fcfp_560,0.0004316530014457098
ptfp_221,0.0004307157045636363
fcfp_536,0.0004305383523711909
ecfp_799,0.00043013958546500813
fcfp_334,0.00042996778016894107
ecfp_964,0.00042969889905677223
ptfp_377,0.0004293808166156941
ptfp_213,0.0004290658662037522
fcfp_1006,0.0004289851583990059
ptfp_810,0.0004289405906669893
fcfp_739,0.0004289345714767055
ptfp_42,0.0004289312741063386
fcfp_397,0.0004287840571235197
fcfp_754,0.0004285345994778844
ecfp_623,0.00042769667243542086
ptfp_949,0.0004275202824417191
fcfp_11,0.0004274437739230716
ecfp_134,0.00042720830873197634
ecfp_271,0.0004271266033831436
ptfp_999,0.0004270105003576447
fcfp_674,0.00042658848562733456
ecfp_492,0.0004257509079285667
ptfp_193,0.00042547466351226636
ptfp_319,0.00042534083963910473
fcfp_790,0.00042514580729243015
ptfp_515,0.00042485345398110997
ecfp_398,0.00042449802059651737
ptfp_387,0.0004244268881482149
ptfp_555,0.0004238382985152423
ecfp_200,0.00042360909901490465
fcfp_260,0.00042340692735763017
fcfp_109,0.0004229689739909089
ptfp_219,0.0004221201086842697
ptfp_768,0.0004218852418307927
ecfp_749,0.0004214272341613714
ecfp_34,0.0004210772528057905
ptfp_903,0.00041938210208261454
fcfp_47,0.00041900109722073543
ecfp_575,0.00041878868715643794
fcfp_680,0.0004187468378584219
fcfp_315,0.00041820749698939997
fcfp_600,0.00041796158985780404
ptfp_904,0.0004177059605093186
fcfp_688,0.00041728296172427633
ptfp_180,0.0004170960716106927
ptfp_449,0.00041688334418663823
fcfp_767,0.00041651155232289434
ecfp_794,0.0004165018069930455
fcfp_68,0.0004164782206461533
ptfp_63,0.0004152462051859418
ecfp_772,0.000415146289673276
ptfp_443,0.0004144730229245949
ecfp_899,0.00041387275478398073
ptfp_239,0.00041334489463978386
ecfp_263,0.00041295207844776197
ptfp_73,0.0004123018664282737
ptfp_205,0.00041196938484490484
ptfp_112,0.00041163651463529076
ecfp_524,0.00041149934862352985
ptfp_591,0.0004096726420096511
ptfp_461,0.00040887312875507255
ecfp_787,0.00040857467879354983
ecfp_202,0.0004082277469488066
ecfp_602,0.00040794277181960097
ecfp_666,0.0004073412583774259
ecfp_721,0.00040668932573039655
fcfp_743,0.0004065594788922422
ptfp_830,0.0004061454857582761
fcfp_698,0.00040592043156627793
fcfp_862,0.0004054733820317904
ecfp_450,0.0004051153455991333
ptfp_189,0.0004050982040787686
ptfp_750,0.00040504800126286007
ptfp_402,0.0004050443506147211
ecfp_580,0.000405010097345136
ecfp_191,0.00040480397710726345
ecfp_925,0.000403683524286399
fcfp_785,0.0004027369819126121
ecfp_406,0.00040243943110561967
ecfp_728,0.0004013520010471807
ptfp_191,0.0004011562926884435
ptfp_668,0.00040114958010638676
fcfp_775,0.0004010735771535693
ecfp_477,0.00040102304467622694
ptfp_722,0.00040095480253670747
ecfp_956,0.0004007941764275764
fcfp_976,0.0004007613672069224
fcfp_198,0.00040061215604410755
ecfp_362,0.00040036318206297937
ptfp_1012,0.0003996338785423569
ptfp_818,0.0003995595441427892
fcfp_534,0.0003993393065784048
ecfp_92,0.00039895549948062005
ptfp_209,0.00039877168900203725
ecfp_774,0.0003982408125387017
ptfp_695,0.0003972320112792517
ptfp_902,0.00039706443076875593
ptfp_872,0.00039679176279814194
fcfp_747,0.0003965417274131535
fcfp_16,0.00039589102441768336
ptfp_508,0.00039554715948695224
ecfp_675,0.0003954962482281584
ecfp_441,0.0003953870801551954
ptfp_784,0.000395309414892083
ptfp_547,0.0003944036577046704
ptfp_585,0.0003941696589748537
ecfp_142,0.00039387272863702146
fcfp_555,0.0003933663042861753
ecfp_965,0.00039324584255384686
fcfp_478,0.00039313566701642416
fcfp_565,0.0003930893951235855
ecfp_335,0.0003928221826370087
ptfp_95,0.0003927697730024319
fcfp_696,0.00039272229466913325
ptfp_411,0.00039208766074777225
fcfp_242,0.00039196046305546133
ptfp_504,0.0003918114196369033
ecfp_959,0.00039072312353327757
fcfp_663,0.00039049551406711487
ecfp_802,0.00039023732638711323
ptfp_303,0.0003896883250735897
ecfp_883,0.0003893202128571318
ptfp_640,0.0003884822637832999
ptfp_163,0.00038761916748563155
fcfp_686,0.00038748167667704405
ecfp_317,0.0003870542745635616
ptfp_254,0.0003870432440829975
ecfp_547,0.00038687623697667117
ecfp_241,0.0003866385926194646
fcfp_388,0.00038630785194285086
ecfp_971,0.00038594350487119636
ecfp_738,0.000385882990023869
ptfp_265,0.0003850591605124661
fcfp_246,0.0003848164001507332
ecfp_446,0.00038384182139154224
fcfp_824,0.00038349021588043674
ptfp_327,0.00038337634502102976
ecfp_526,0.0003830139958073303
fcfp_684,0.00038270064569938614
ecfp_957,0.00038245801041789573
ecfp_494,0.0003811959854417755
fcfp_977,0.00038078368665294234
ecfp_3,0.0003806243652851328
ptfp_168,0.0003801142241667488
ptfp_775,0.00037975717598843817
ecfp_387,0.00037969033014991367
ptfp_234,0.00037906567260763017
ecfp_830,0.00037894893756644326
ecfp_1015,0.00037880146296492416
ecfp_145,0.00037860922783304504
ecfp_81,0.00037838793646888073
fcfp_697,0.00037821906243108353
ptfp_1000,0.0003779732190284615
ecfp_552,0.0003771260637721919
ptfp_186,0.0003765101659349092
ecfp_14,0.00037620989009439003
ecfp_246,0.0003753587221492848
fcfp_678,0.0003748880830908209
ptfp_672,0.0003744975263252186
fcfp_764,0.00037392857948121186
ecfp_209,0.0003737705504098357
ecfp_21,0.0003722135260377489
ptfp_67,0.00037196837880160865
ecfp_440,0.00037185183856664573
ecfp_323,0.000371726453947889
ecfp_892,0.000371655829500167
ptfp_24,0.0003713081822942289
ecfp_226,0.00037127811678366066
ecfp_432,0.0003711033717584902
ptfp_704,0.00037060745930678354
fcfp_987,0.00037024540138208637
ptfp_79,0.00036996422106479963
ptfp_970,0.000369917383884077
fcfp_627,0.0003695416736099719
ptfp_478,0.00036944487304510357
fcfp_196,0.00036909743440408647
fcfp_10,0.0003688825478588076
ecfp_984,0.0003688592707236265
ptfp_96,0.00036832924043434835
ptfp_479,0.00036801216834345596
ecfp_835,0.00036664998162300676
ecfp_307,0.00036663870159242854
fcfp_762,0.00036578314075646465
fcfp_336,0.00036557424231740927
ecfp_289,0.00036504425058627306
fcfp_595,0.0003649136751671951
fcfp_629,0.00036447954703819064
ptfp_127,0.0003644311200198777
ecfp_713,0.0003634706214362895
ptfp_320,0.0003632518668459552
ptfp_677,0.00036199933584399845
ecfp_487,0.00036180752215876334
fcfp_895,0.00036142687834167346
ptfp_52,0.0003610761170334404
ecfp_546,0.00036102964957695154
ptfp_208,0.00036095416619947186
ecfp_647,0.000360709824965919
ecfp_31,0.0003601729927910145
ecfp_419,0.0003598674320822827
ecfp_498,0.00035932970699079824
ecfp_394,0.0003593221948169962
ecfp_157,0.000359005339773884
ptfp_1006,0.00035892075343032473
ecfp_45,0.0003587319486402962
ptfp_412,0.0003584811819195611
fcfp_819,0.000358409855914738
ecfp_25,0.0003577838203789079
ecfp_954,0.0003574629427765518
ptfp_572,0.0003568116793468386
ecfp_692,0.00035582962991194064
ecfp_77,0.00035571133583287663
ecfp_750,0.000355604348844038
ptfp_619,0.0003551611472887241
ptfp_246,0.0003549531239379509
ptfp_145,0.0003548612076863394
ptfp_642,0.00035451919366407796
ecfp_609,0.0003542869780269031
ecfp_847,0.0003538747956711932
ptfp_761,0.00035376403925435005
ecfp_288,0.0003534855880723295
ecfp_582,0.0003534551085630004
ptfp_781,0.00035287468670429573
ptfp_880,0.00035216875790441797
ecfp_661,0.00035205733073173954
ptfp_717,0.0003517032682263135
ecfp_41,0.00035141181457085856
ecfp_583,0.0003510643969688586
fcfp_668,0.0003508833853083155
ecfp_207,0.0003506189816160155
ecfp_277,0.0003503102188656494
ptfp_482,0.00034978707596349244
ptfp_628,0.00034973471208327297
ptfp_594,0.0003493115205465684
ecfp_94,0.00034924875791412374
ecfp_960,0.0003489306084085214
fcfp_909,0.0003488694085082257
ecfp_1010,0.0003484455940989307
ptfp_597,0.0003483677881104936
ecfp_1014,0.0003482096450523005
ecfp_821,0.0003479211069984085
ecfp_917,0.00034791301069605135
ecfp_891,0.00034761149070180683
ptfp_767,0.0003474485259753463
fcfp_17,0.00034725239859412785
ecfp_693,0.0003471848323086549
ecfp_689,0.0003464438330605714
ecfp_126,0.0003462112990782771
ptfp_641,0.0003461468162930652
fcfp_345,0.0003460855611320768
ecfp_107,0.00034562035392516076
ecfp_235,0.0003455909243208118
fcfp_276,0.0003454776474487661
fcfp_673,0.00034526566324255076
ecfp_843,0.00034511299758350957
fcfp_455,0.00034476263936828345
fcfp_570,0.00034473586919285353
ecfp_194,0.0003441493645261022
ecfp_380,0.00034397472694612345
ptfp_115,0.0003438533487665532
ecfp_948,0.0003430655943608889
ecfp_800,0.0003425587214491968
fcfp_777,0.0003416809858376182
ptfp_659,0.0003413192356019327
ptfp_520,0.0003410182606299209
ptfp_397,0.00034074735112172444
ecfp_491,0.00034073829496353796
ptfp_122,0.0003397887340174514
ecfp_955,0.0003396174547236126
ecfp_1011,0.0003394843567591539
ptfp_828,0.0003394437439614008
ecfp_26,0.00033943952950432133
fcfp_181,0.00033906183876816515
ecfp_586,0.0003388549037343063
ptfp_210,0.0003388219908836823
ptfp_991,0.0003387859397846164
ptfp_532,0.00033836434270970346
ecfp_252,0.0003382285337027647
ecfp_423,0.00033780957035671
ecfp_63,0.000337683272014361
ecfp_5,0.0003370665883802466
fcfp_519,0.00033701240587740106
ecfp_885,0.0003364306642879871
ecfp_969,0.0003362775623745262
ecfp_840,0.0003362676792779425
fcfp_852,0.0003361449636944287
ecfp_707,0.0003357140246042586
ecfp_65,0.0003355607910337546
fcfp_910,0.0003351258408261216
fcfp_758,0.000334728617821809
ecfp_592,0.0003345854738304659
ptfp_721,0.00033437419544167973
ecfp_250,0.0003333847386176957
ptfp_648,0.00033298429848414
ecfp_75,0.0003328897303314135
ptfp_651,0.0003326665800093271
fcfp_503,0.0003325431077733274
ecfp_873,0.0003323132387050295
ptfp_249,0.00033162227586096184
fcfp_344,0.00033161190864065723
ecfp_483,0.00033124767072965623
ecfp_79,0.00033051205819232193
ecfp_838,0.00032990704081986333
fcfp_683,0.0003295582547185255
fcfp_306,0.0003295372770507648
ptfp_634,0.0003285718090187181
ptfp_629,0.0003272586414036481
ecfp_578,0.0003272406931507355
ecfp_540,0.0003271342715850617
ptfp_316,0.000326418243381867
fcfp_728,0.00032624680732871
ptfp_71,0.0003260232063222261
fcfp_494,0.00032573363417260086
ptfp_25,0.0003254055474324287
fcfp_596,0.00032532114542888833
ecfp_600,0.00032513018120639356
ptfp_380,0.0003249082361769733
ecfp_690,0.000324870210910339
ecfp_62,0.00032452751656708367
ptfp_38,0.00032389470251030435
ptfp_932,0.0003235482990173649
ptfp_31,0.0003231950815419699
ecfp_1004,0.0003231397703773938
ptfp_538,0.00032302975763178745
ptfp_786,0.00032297176149661
ecfp_551,0.00032292757550211475
ecfp_262,0.0003227182233847633
ptfp_313,0.00032270208170988464
fcfp_626,0.0003223860362040811
ptfp_220,0.0003222128058150619
fcfp_723,0.00032210408897841955
ptfp_948,0.0003217669060380064
ecfp_23,0.0003207739013203303
ecfp_482,0.0003200155269142251
ecfp_192,0.0003196645136011458
ptfp_142,0.00031953131084211953
ecfp_259,0.0003193632392354056
fcfp_611,0.0003190470811645981
ptfp_590,0.0003187139099690587
fcfp_340,0.0003182618056633328
fcfp_964,0.0003179594452751113
ptfp_791,0.0003179445489459144
ecfp_951,0.00031740283356060405
ptfp_764,0.00031736782807725194
ptfp_503,0.0003171889456083592
fcfp_200,0.0003171672381564147
ptfp_407,0.00031700978548186557
ptfp_694,0.00031700188536052054
ptfp_529,0.00031696777903309886
ptfp_21,0.0003167698409842251
ptfp_570,0.00031675586556814407
ecfp_455,0.00031665722631760645
ecfp_745,0.00031652719011635293
ecfp_624,0.00031566288536981726
ecfp_141,0.0003155129721950774
ecfp_123,0.0003153719178792041
fcfp_27,0.0003150174969130898
fcfp_37,0.0003144567398712793
ptfp_808,0.00031304944167043805
fcfp_489,0.0003129136516644685
ecfp_780,0.0003127679976916823
ecfp_225,0.00031246387033163285
ptfp_697,0.0003111159528065645
ptfp_84,0.00031106401329253304
ptfp_560,0.0003110067375834119
ecfp_585,0.0003108406509438924
ecfp_832,0.00031052164880427513
ecfp_245,0.00031034009183052917
ecfp_251,0.00031027576809825605
ecfp_444,0.0003098230500635222
fcfp_153,0.00030889493616690424
ptfp_211,0.0003080426199677774
fcfp_2,0.00030799243080078896
fcfp_656,0.00030776909255332243
ecfp_584,0.00030760276568554044
ecfp_261,0.00030729108608938964
ptfp_35,0.0003071261091054652
ecfp_47,0.00030667884575245614
ecfp_248,0.0003059572645966785
ptfp_229,0.0003056066302450472
ptfp_509,0.0003055737718540008
ptfp_870,0.00030532009698082467
ptfp_437,0.000305224819859643
ecfp_37,0.0003051331171305678
ptfp_833,0.0003050976052454941
ptfp_218,0.00030507968358933497
ecfp_1013,0.00030495400320283136
ptfp_596,0.00030488333411576873
ptfp_159,0.00030469496653856885
fcfp_679,0.00030462035580902934
fcfp_63,0.0003044739804805932
ecfp_915,0.00030431713182886143
ecfp_293,0.00030427459580658614
ptfp_244,0.00030425015433902013
ptfp_662,0.0003038211851466006
ecfp_879,0.0003036604923683839
ptfp_50,0.00030329931952500274
ptfp_292,0.0003031718504956439
ptfp_1023,0.000302833669972643
fcfp_76,0.000302673467440907
ecfp_808,0.00030265347066626687
ecfp_9,0.0003025953503552779
ecfp_160,0.00030191151842777204
ecfp_522,0.00030185607518345574
ecfp_627,0.0003018532930877274
ecfp_913,0.00030141005133386907
ecfp_606,0.0003011160966275616
fcfp_482,0.0003011051161846365
ecfp_607,0.00030085396184807397
ptfp_282,0.0003006820725777359
ptfp_915,0.0003006209532975188
fcfp_475,0.0003002700594900894
fcfp_477,0.0002995912400099662
ptfp_82,0.000299585926507832
fcfp_776,0.0002993719222563314
ecfp_818,0.00029893520234006946
ptfp_526,0.0002985309470789877
ecfp_53,0.0002980884901716172
fcfp_127,0.0002980390906368374
ecfp_603,0.00029792950064327277
ecfp_684,0.0002977921705166019
ecfp_993,0.00029763459254033897
fcfp_294,0.00029754173686368434
ptfp_762,0.00029729055555391534
ecfp_164,0.0002971854444972826
fcfp_654,0.0002970273199887809
ecfp_270,0.00029702368561848765
ptfp_670,0.0002969215716361166
ecfp_570,0.00029681483252860444
ptfp_558,0.00029681056540389113
fcfp_533,0.0002967202327097292
ecfp_70,0.00029670176687955575
ecfp_329,0.0002966934589516966
ptfp_11,0.000296621275660158
ecfp_996,0.0002964669452057872
ptfp_1001,0.0002963294229675226
fcfp_937,0.0002957746033902679
ptfp_318,0.00029561705859675356
ptfp_753,0.00029513515383242735
ptfp_223,0.00029468328509235067
ecfp_331,0.0002945848931414314
ecfp_155,0.00029449507369369983
ecfp_947,0.0002935019047026343
ecfp_859,0.00029342055763764756
ecfp_421,0.00029339655220379855
ptfp_685,0.00029328025231818033
ptfp_573,0.0002931628858901965
ecfp_825,0.00029312701505072137
ecfp_998,0.00029298347327268235
ecfp_351,0.00029273028631948786
ecfp_833,0.00029234924984412295
ecfp_958,0.0002920899711521191
fcfp_962,0.000291971985805614
ecfp_143,0.0002919337993182204
ptfp_576,0.0002917649061591941
fcfp_740,0.00029175462223777625
ecfp_709,0.0002909506075119055
ecfp_203,0.00029065661094219823
ecfp_905,0.00029054014604977226
ptfp_516,0.00029020214926861855
ecfp_144,0.00028957677890486134
ptfp_817,0.0002886834850757541
ptfp_66,0.0002886495807541919
ecfp_614,0.00028859411498829263
ecfp_829,0.00028813079936029697
ptfp_655,0.0002875791209622607
ptfp_65,0.0002874327705471979
fcfp_191,0.0002874099332206478
ptfp_850,0.000287397817697115
fcfp_431,0.0002872447526664142
ptfp_77,0.0002871837221563847
ptfp_356,0.0002868827965181322
ecfp_514,0.0002865375063230138
ptfp_329,0.0002861038355947153
ecfp_664,0.0002860165943575224
fcfp_1003,0.0002859488379641475
fcfp_117,0.00028593747350849483
ecfp_507,0.00028581641256272936
ecfp_295,0.000285697780685949
ecfp_125,0.00028567851654760323
ptfp_930,0.0002854935286490413
ptfp_61,0.0002853430668380259
ecfp_823,0.0002852700604795002
fcfp_992,0.0002848351259893771
ptfp_626,0.00028473988285759817
ecfp_43,0.0002845805416419091
ecfp_795,0.0002844641283950365
fcfp_548,0.0002844173554675673
ptfp_763,0.0002843579897471614
fcfp_718,0.00028410753469960016
ecfp_83,0.0002837391604823563
fcfp_465,0.00028363922517050466
ecfp_827,0.00028340233748516886
ecfp_473,0.00028320813762511325
ptfp_346,0.0002828832072455572
ecfp_265,0.0002826167391640891
ecfp_756,0.000282434318498918
ecfp_543,0.00028231511108698927
ptfp_207,0.00028226211126374277
ptfp_75,0.00028220092344834435
fcfp_486,0.00028207999088905226
ecfp_374,0.0002819545803369553
ecfp_658,0.00028149795250198616
ecfp_281,0.00028105409712635225
ptfp_62,0.00028089431912258427
ecfp_449,0.00028062133384193147
fcfp_275,0.00028060631421933363
fcfp_995,0.00028059094534828646
ecfp_97,0.00028051632086010793
ecfp_744,0.00028041295281977047
ecfp_527,0.00028034836503699285
ecfp_708,0.0002799208473154981
fcfp_535,0.0002790107862733328
fcfp_13,0.0002790065672995547
fcfp_523,0.0002789802825567687
fcfp_722,0.0002788980622172129
ecfp_672,0.00027869807475940523
ecfp_342,0.00027855756198737506
ecfp_687,0.00027826837681640075
fcfp_871,0.000278240827488116
fcfp_125,0.0002780074736523541
fcfp_498,0.00027787022874259664
ecfp_273,0.00027742396773676155
fcfp_411,0.00027630464446995223
ecfp_133,0.0002760069402953568
fcfp_252,0.00027595277685621867
ecfp_388,0.00027594757780533355
ecfp_240,0.0002758384870073326
ecfp_635,0.0002750233760437598
ptfp_652,0.0002743235372004199
ecfp_791,0.0002741267447564478
ecfp_257,0.0002728165353384695
ecfp_391,0.0002725828171611869
fcfp_537,0.0002725761544625768
ecfp_824,0.0002725091775888854
ptfp_960,0.0002718849976111256
ecfp_213,0.0002715385112513875
ptfp_820,0.00027123942763577596
fcfp_479,0.00027105088332648596
ecfp_471,0.00027060444292721094
ptfp_530,0.0002704188632167671
ecfp_723,0.000270309584802938
ptfp_347,0.00026999088991546484
ecfp_470,0.00026994812550434617
ecfp_500,0.0002699185624597631
ecfp_942,0.00026989958680966486
ecfp_878,0.0002697868761487725
ptfp_307,0.0002688334320774909
ecfp_72,0.00026875250530205213
ecfp_339,0.0002686790665297518
ptfp_57,0.00026845032807496806
ecfp_548,0.00026828213223757696
ecfp_518,0.0002681617571871108
ecfp_968,0.00026786928693794693
ptfp_49,0.00026710374181967126
ecfp_671,0.0002669402976811281
ecfp_717,0.00026674180048010063
ecfp_775,0.0002666273853938051
fcfp_902,0.00026637332651056986
ecfp_688,0.0002660809183614552
ecfp_105,0.000265516894892886
ecfp_637,0.00026511444534132095
fcfp_396,0.00026500010466913034
ecfp_272,0.00026471130793116515
ptfp_992,0.00026469190310361175
fcfp_783,0.00026467223342771626
ecfp_732,0.0002643282813787985
ecfp_327,0.00026429452778339114
ptfp_979,0.0002639073133908169
ecfp_588,0.0002638825332995625
fcfp_628,0.00026368937915835906
ecfp_416,0.00026341385957615845
fcfp_978,0.0002634044590017649
ecfp_431,0.00026324037228974356
ecfp_230,0.0002632376864155025
ecfp_857,0.0002626818441600061
ptfp_974,0.0002626587558777517
ptfp_383,0.0002625883622343312
fcfp_174,0.0002625232443559822
fcfp_30,0.00026192345734084353
ecfp_179,0.00026183994833881084
fcfp_129,0.0002617902441158229
fcfp_364,0.0002612912176565512
fcfp_399,0.0002612250425014847
ecfp_11,0.00026117913708515665
ecfp_924,0.00026098678527672803
fcfp_341,0.00026082745546665386
ptfp_339,0.00026072419089331243
ecfp_587,0.0002606114669678501
ecfp_146,0.00026042849493303883
fcfp_808,0.0002600672706319354
ptfp_554,0.0002599806813322383
fcfp_317,0.0002597810094742532
ecfp_599,0.00025968043003590574
ptfp_897,0.0002595668650838425
ecfp_410,0.00025952716154515384
ptfp_611,0.00025951613497045983
fcfp_927,0.00025938190510400936
fcfp_389,0.00025920181223631204
ecfp_369,0.0002591741962903174
fcfp_936,0.00025911319924068786
ptfp_132,0.0002587748779719226
fcfp_93,0.0002585656795684211
ecfp_884,0.00025852534347525286
ptfp_737,0.0002583272803208193
ecfp_363,0.0002582085307426516
ptfp_804,0.0002578201069131975
ecfp_290,0.00025741511744395884
fcfp_261,0.0002574096868031469
fcfp_265,0.0002573774471940831
fcfp_67,0.0002573467698763455
ptfp_110,0.0002570307648506639
ecfp_804,0.00025695358712381656
ecfp_864,0.0002566474141853684
ecfp_643,0.0002563803893066771
ptfp_863,0.0002561748721591024
ecfp_625,0.0002560638426470313
fcfp_705,0.00025598759740848596
fcfp_823,0.00025522160484875856
fcfp_883,0.0002551079461471376
ptfp_121,0.000254857856480294
ptfp_0,0.0002548323615411407
ecfp_401,0.0002542644793812018
ptfp_166,0.00025391614454681026
ptfp_735,0.0002532456227178459
ecfp_385,0.0002529792133222594
ecfp_168,0.0002525226085272924
ecfp_404,0.00025220821559184144
ecfp_631,0.00025211371820859204
ptfp_770,0.0002520409682664626
ecfp_485,0.0002518556821737317
fcfp_496,0.00025161783297146675
fcfp_605,0.00025159091196494106
ecfp_185,0.0002511454922454417
ecfp_171,0.00025086092220790693
ptfp_840,0.00025069305991712174
fcfp_571,0.00025057473102153323
ecfp_544,0.0002504804788302987
fcfp_1005,0.0002502260841696558
ecfp_131,0.000249421336038617
ecfp_914,0.00024918471831995447
fcfp_539,0.0002489971045840224
fcfp_890,0.000248886962084914
fcfp_843,0.0002482507406487817
ecfp_173,0.00024813508743936344
ecfp_371,0.0002477823665273443
ecfp_828,0.0002475140915167308
ptfp_654,0.00024734272565564924
fcfp_414,0.00024728820419745774
fcfp_70,0.0002471992811791716
ptfp_919,0.0002470247878463663
ecfp_645,0.0002466313020723667
ecfp_409,0.0002465283360529383
ecfp_1022,0.0002461877160684309
ecfp_581,0.0002461000674657926
ptfp_419,0.0002460059609832628
fcfp_256,0.00024585148643312024
ptfp_950,0.0002457858847430109
ecfp_702,0.00024559207891701267
fcfp_94,0.0002455426744627325
fcfp_973,0.0002451055226139535
ecfp_87,0.000245094958183425
ecfp_99,0.0002450673633815074
ptfp_855,0.00024472325088350643
ptfp_1011,0.0002446330980714174
ecfp_598,0.0002445866659894401
ptfp_890,0.00024457244692997385
ptfp_908,0.00024451689472070997
fcfp_313,0.0002438120256284458
ptfp_344,0.0002435669386848806
ptfp_569,0.00024334416794445033
ptfp_87,0.00024324354235278722
ptfp_794,0.0002432117166465994
ptfp_336,0.00024308273255496
ecfp_751,0.0002430693245382178
ecfp_679,0.0002423742132216655
ptfp_842,0.00024191455009098974
ecfp_267,0.00024150599230858083
ptfp_151,0.00024131570603613036
ecfp_811,0.00024111707668607416
ecfp_554,0.0002409159720259341
ptfp_720,0.0002407963762183463
ecfp_754,0.00024069324114215835
ecfp_475,0.00023944680624113883
ecfp_815,0.00023941349204624897
ecfp_982,0.0002394110534439538
ecfp_151,0.00023934868476431135
ecfp_716,0.0002393362026567478
ecfp_162,0.00023931185219585056
ecfp_710,0.00023927482075094872
ecfp_639,0.0002388765606978001
ecfp_275,0.0002388122509662836
ptfp_80,0.00023876618622474167
ecfp_933,0.00023763729065466035
fcfp_892,0.00023754236341242088
ptfp_334,0.00023734229300775687
fcfp_707,0.00023733001123785234
ecfp_638,0.00023712111701196833
ecfp_966,0.00023654846446055929
ptfp_501,0.00023647866372053863
ptfp_824,0.00023644829413456346
ptfp_116,0.00023625221752950518
ptfp_8,0.00023619975855147045
ptfp_658,0.00023618567342562579
ptfp_692,0.0002361354619923692
fcfp_542,0.00023611614889475357
ptfp_361,0.00023592240921528398
ecfp_934,0.00023559377218621485
ptfp_433,0.00023523439933393608
ecfp_677,0.0002346654618057358
fcfp_531,0.00023444609517622709
fcfp_188,0.00023355209906392798
ecfp_190,0.00023352283134718524
fcfp_450,0.00023283742958367604
fcfp_86,0.0002327277187157571
fcfp_812,0.00023246975174142674
ecfp_276,0.00023202785354553435
ecfp_16,0.0002317530293198826
ptfp_925,0.00023144207031159972
ecfp_742,0.00023127353700153815
ecfp_528,0.0002311972875647411
ecfp_496,0.0002310622420503339
fcfp_951,0.00023084171528004444
ecfp_110,0.00023080340084857343
fcfp_343,0.00023036835359859745
ptfp_154,0.0002302030335078478
ecfp_148,0.0002297585843315121
ecfp_101,0.0002294524638350118
fcfp_48,0.0002294232246640584
ecfp_771,0.0002288044479738333
fcfp_189,0.00022866290722209747
fcfp_952,0.0002282833496333746
fcfp_26,0.00022795285940481797
ecfp_608,0.0002278144860899127
fcfp_553,0.00022767446214371547
ecfp_994,0.0002267495443139654
ptfp_927,0.0002265980575139334
ptfp_342,0.0002265368638265573
ecfp_928,0.00022651948427873108
fcfp_1014,0.0002263917151988868
ecfp_461,0.0002261335634738392
fcfp_283,0.00022594985751853817
fcfp_525,0.00022574124771741508
ecfp_839,0.00022517528389208447
ecfp_649,0.00022517344684301865
ecfp_343,0.0002249856270688553
ecfp_490,0.00022483192999974455
ecfp_990,0.00022478882338075192
ecfp_372,0.0002244012809103393
ecfp_903,0.00022436275996840497
ptfp_644,0.00022421166879664492
ptfp_123,0.000223046231423374
ecfp_676,0.00022282775997129785
ecfp_970,0.0002227370078419397
ecfp_577,0.0002226059914486148
ecfp_753,0.00022257144365444472
ecfp_797,0.0002224385291668163
fcfp_561,0.00022192752929341914
fcfp_359,0.00022173141779579101
ptfp_403,0.0002215639507953007
ecfp_660,0.00022147680980146245
ptfp_736,0.00022126123719245924
ecfp_975,0.0002212272629169942
fcfp_710,0.00022096646230083963
fcfp_730,0.00022088687246760004
ecfp_515,0.00022069530376327552
ecfp_911,0.0002205556494091163
ptfp_15,0.00022013937754900877
ecfp_465,0.00022009475898660577
fcfp_906,0.0002199291851000498
ecfp_85,0.00021989118952736288
ecfp_986,0.00021982228082204953
ptfp_969,0.00021961499970670745
ecfp_953,0.00021948758421137696
ecfp_705,0.000219248355874325
ptfp_386,0.0002192468790085987
fcfp_588,0.00021894387068419549
ptfp_105,0.00021879687117687524
ptfp_881,0.0002186251119973761
fcfp_178,0.00021849245204427526
ecfp_555,0.0002183976109660074
ptfp_696,0.00021833523969133964
ecfp_315,0.00021827600823798104
ecfp_258,0.00021824251078578314
fcfp_223,0.0002182065436542745
ptfp_458,0.00021813145960708721
ecfp_669,0.00021803348359433785
ecfp_836,0.00021705572946410326
ptfp_864,0.0002169027839807746
ecfp_999,0.0002168622704606081
fcfp_1012,0.00021672374084948204
ptfp_453,0.0002165820113272585
ecfp_789,0.00021634224672231113
ptfp_885,0.0002160339444499642
ptfp_417,0.0002157167364219711
fcfp_851,0.00021570802509095875
ptfp_650,0.0002155476470062225
fcfp_959,0.0002155041636994387
ptfp_853,0.0002154992857431941
ptfp_311,0.00021534678925392805
ecfp_853,0.00021524205678450417
ptfp_279,0.00021523955524911434
ecfp_76,0.00021518135634736475
ecfp_318,0.00021504284691658898
ptfp_987,0.00021476961046161416
ecfp_978,0.0002146724989883458
ecfp_662,0.0002144303311024064
fcfp_580,0.00021421392646183403
ecfp_210,0.00021415630053117532
fcfp_325,0.0002139956475384842
fcfp_435,0.0002139244727000128
fcfp_253,0.00021367719697829054
fcfp_147,0.00021346981067787673
ecfp_346,0.00021321485043036112
ptfp_676,0.00021320735920148123
ecfp_796,0.0002130876075812183
fcfp_106,0.00021287557697903094
ecfp_67,0.00021266535273185833
fcfp_4,0.00021242746366652857
ecfp_459,0.0002120494469563776
ecfp_132,0.00021181532027568533
ecfp_814,0.00021175328127147802
ecfp_86,0.00021157865259630016
fcfp_138,0.00021149584170748024
ecfp_768,0.00021132876694012376
ecfp_576,0.00021114585025438037
fcfp_148,0.00021111031676993125
fcfp_424,0.00021106177734029195
fcfp_855,0.00021101838838740564
ecfp_32,0.000210706863666816
ecfp_504,0.00021068783849679038
ecfp_981,0.00021066006863110567
ecfp_266,0.00021056925490806264
ecfp_506,0.00021047676985011307
ecfp_701,0.00021046999783462547
fcfp_563,0.0002104277863407637
fcfp_513,0.00021035687936011
ptfp_989,0.00021030246786542088
ecfp_503,0.00021028654776301768
fcfp_368,0.00021006220671021888
fcfp_623,0.00020989199919571133
ptfp_238,0.00020989125464976823
fcfp_982,0.0002098641836081817
ecfp_211,0.00020962855550112842
fcfp_104,0.00020913095689791502
fcfp_387,0.0002091186317317554
fcfp_622,0.00020906799324169018
ecfp_618,0.00020875737501097424
ecfp_819,0.00020847442627476096
fcfp_132,0.00020840741698764423
ecfp_27,0.00020822887955626964
ptfp_812,0.00020821979996871957
ecfp_221,0.00020779156698039357
ptfp_293,0.00020695633283991153
ptfp_929,0.0002068145688378251
ecfp_755,0.00020659275716822877
fcfp_1021,0.00020641965374749473
ecfp_299,0.0002063992859863494
ecfp_910,0.00020633804653540428
ptfp_955,0.00020626588579606087
ecfp_435,0.00020626397738635744
ecfp_384,0.0002062389686989539
ecfp_69,0.00020614326132142424
ptfp_273,0.00020613902499904806
ecfp_375,0.00020609840437080178
fcfp_314,0.00020605110338102546
fcfp_14,0.00020594088280898745
fcfp_736,0.00020588603079878254
ptfp_341,0.00020582068327737457
fcfp_249,0.0002058197859408912
fcfp_925,0.0002057698048199889
ptfp_748,0.00020559281658364645
ecfp_760,0.00020544210331872797
ecfp_232,0.00020520914333566707
fcfp_130,0.00020515278090687294
fcfp_643,0.00020510039085618406
ecfp_644,0.00020470527269755392
ecfp_59,0.00020387919071764444
fcfp_124,0.00020380338347811475
fcfp_829,0.00020348486504519084
ptfp_759,0.00020296979186834873
ecfp_354,0.00020267560309936836
ecfp_725,0.00020254927928532065
ptfp_261,0.00020254407872431798
ptfp_224,0.00020242132338995687
ptfp_494,0.00020225251290094013
ecfp_186,0.00020156244754569166
ecfp_427,0.00020141425546866718
ptfp_785,0.0002012863031299472
ecfp_919,0.00020121453463437132
ecfp_720,0.0002010803049112517
ecfp_834,0.00020099380963375666
ecfp_426,0.0002006022762921153
ecfp_668,0.00020027415459648596
ecfp_195,0.00020014782537980947
ecfp_243,0.00019996364221791686
ecfp_60,0.0001997681555484162
fcfp_318,0.00019968522512895656
ptfp_799,0.0001994998016185535
fcfp_924,0.000199426593696359
fcfp_204,0.00019939483536757024
ecfp_303,0.00019898182918356408
ecfp_106,0.00019894295200819091
ecfp_115,0.0001986877066498734
ecfp_223,0.0001984084816865125
ecfp_869,0.00019804485638015847
ecfp_628,0.00019777362144454707
ecfp_365,0.00019767425178766207
ecfp_217,0.00019766576232301103
ecfp_619,0.00019761303362631632
ptfp_745,0.00019744981096212212
ecfp_611,0.0001973193096671985
ecfp_613,0.00019730003613326337
ptfp_857,0.00019725180224398838
ecfp_874,0.00019724732322332802
ecfp_357,0.00019670940917073678
ecfp_865,0.00019613956024668052
ptfp_511,0.00019608804734030835
ecfp_938,0.00019603691901686575
ecfp_931,0.00019595990162814148
ecfp_906,0.0001958234463704328
ecfp_349,0.00019442051379777535
ecfp_420,0.00019417540798700515
ecfp_989,0.00019416644882178368
ecfp_651,0.00019415740898414297
ptfp_147,0.00019400360134819676
ecfp_396,0.0001939851476111698
fcfp_101,0.00019354736648412288
ecfp_945,0.00019300970887531528
ptfp_593,0.00019282320063700384
ptfp_827,0.00019268557096632655
ecfp_665,0.0001924198490647135
ptfp_866,0.00019225531408987497
ecfp_719,0.0001920191906392415
fcfp_773,0.00019195267836472605
fcfp_41,0.00019184640162029775
fcfp_472,0.00019179034199427495
ecfp_691,0.00019159765543322923
fcfp_222,0.0001913307539181491
ptfp_272,0.00019111008754863387
ptfp_760,0.0001910523006140099
ecfp_345,0.0001910359619576496
fcfp_135,0.00019087393445357952
ecfp_936,0.00019077496310548065
ecfp_566,0.00019068124747819617
ecfp_845,0.0001904037345942766
fcfp_911,0.0001903230130476377
ecfp_279,0.00019027670889432667
ecfp_260,0.00019017349581062676
ecfp_183,0.00019016706807873537
ecfp_488,0.00018897523049779668
ptfp_129,0.00018893244325049414
fcfp_975,0.00018868490841952043
fcfp_333,0.00018868327839870343
ptfp_439,0.0001886795557803368
fcfp_675,0.00018863129333410256
fcfp_66,0.00018845191662833594
ecfp_58,0.00018843149811339162
ecfp_302,0.00018835863247214135
ptfp_582,0.00018832001540702132
ecfp_411,0.0001882370054449681
ecfp_678,0.0001879370942548253
ptfp_964,0.00018767754367259918
ecfp_291,0.00018749633004769696
fcfp_79,0.0001873321140954497
ecfp_30,0.0001872975743983575
fcfp_529,0.00018710884245729323
ecfp_49,0.00018707985936736046
fcfp_216,0.000186800424248922
ecfp_439,0.00018674370330424555
ecfp_286,0.00018668923829296284
ptfp_231,0.00018647914412363246
fcfp_660,0.00018622788401119385
fcfp_550,0.0001860362829841398
ptfp_404,0.00018584832530572784
fcfp_99,0.00018581163806915448
ptfp_391,0.0001858114663578428
fcfp_751,0.0001857267431421694
fcfp_43,0.00018572370947499261
ecfp_642,0.00018552101689287562
fcfp_515,0.00018545463948228206
ecfp_204,0.00018534286589473494
ecfp_909,0.0001852402771855287
fcfp_312,0.00018517050033769227
ecfp_198,0.00018479825106409382
ptfp_268,0.00018461817121535984
ecfp_442,0.0001844545750886147
fcfp_834,0.0001842498731002951
ecfp_531,0.00018422226987493766
ecfp_560,0.00018396396595522337
ptfp_98,0.00018389369861169388
fcfp_363,0.000183780133736466
ecfp_457,0.00018368545005397174
ecfp_312,0.00018367775562223062
ptfp_111,0.0001835793212263136
ecfp_56,0.00018332899618088243
ecfp_313,0.00018322729750749038
fcfp_362,0.00018320842511406697
fcfp_381,0.0001830057673121342
fcfp_321,0.00018281533464006
ecfp_571,0.00018241270868000792
ptfp_861,0.00018212492661895055
fcfp_134,0.0001821090587236864
fcfp_488,0.00018193731248248137
fcfp_904,0.00018170942039292057
fcfp_267,0.00018170691264819919
ptfp_350,0.00018167651203443067
ecfp_640,0.00018119957258413646
ecfp_620,0.00018109590033083063
ecfp_740,0.0001809355399945344
ecfp_848,0.0001807501168572446
fcfp_12,0.00018033342096460041
fcfp_508,0.00018024719556710526
fcfp_290,0.00018023762696808254
ptfp_674,0.0001799505679028021
fcfp_320,0.00017989799632436786
ecfp_516,0.00017970630575442492
ptfp_48,0.0001796075037414757
fcfp_636,0.0001794428868499585
fcfp_527,0.00017936417138580697
fcfp_65,0.0001791222692434507
ecfp_594,0.0001787550393131674
ecfp_403,0.00017873067306706415
fcfp_473,0.0001786680087197493
ptfp_807,0.00017851987514110753
fcfp_614,0.000178496917307249
ecfp_746,0.0001784778082650737
ecfp_297,0.00017845593593704921
ptfp_586,0.00017844133077695015
ptfp_1009,0.0001778545792540336
ptfp_769,0.00017755384380736298
fcfp_637,0.00017738694827936527
fcfp_512,0.00017714421539061199
ecfp_244,0.0001769519846090831
ecfp_413,0.00017676619414954176
fcfp_592,0.00017672972511260931
ecfp_559,0.0001763951046843816
ecfp_763,0.0001763579756766359
ptfp_815,0.00017635484600903804
ecfp_311,0.00017609765473346022
ecfp_332,0.00017596265629280213
ecfp_181,0.00017576524118066955
ptfp_177,0.00017565930156275938
ecfp_395,0.00017546949466097688
fcfp_274,0.00017546938646540472
fcfp_991,0.00017545799408345348
fcfp_481,0.00017539813572562765
fcfp_348,0.00017524919144856128
ptfp_896,0.00017512477280708476
ecfp_330,0.00017510778222277587
fcfp_574,0.00017499785392099742
ptfp_776,0.0001747722646385414
ecfp_50,0.00017463679562260948
ecfp_495,0.00017451937313035324
ecfp_1018,0.0001739901557066715
ecfp_368,0.0001738703141949064
ptfp_1005,0.00017362244374108984
ptfp_891,0.00017353036828450237
ecfp_634,0.00017352707584433478
fcfp_395,0.0001733934553458912
fcfp_509,0.00017335658187261487
ecfp_617,0.0001733152598207928
fcfp_803,0.000173294551024379
ecfp_172,0.0001730883383291862
ecfp_916,0.00017306320816188326
fcfp_9,0.00017248169660844366
ecfp_657,0.00017217868730301118
ptfp_551,0.00017214850209988826
ptfp_146,0.00017214397776701756
ecfp_820,0.0001721021504786164
ecfp_929,0.0001720399462221272
fcfp_578,0.00017173641772698362
ecfp_298,0.00017165262203495214
ecfp_38,0.0001711950446196852
ecfp_120,0.00017078305197412106
ecfp_591,0.00017068861615085918
fcfp_245,0.00017064337240272362
fcfp_594,0.00017049705352812999
ecfp_648,0.00016987123764848996
fcfp_998,0.00016957238272237576
ecfp_399,0.00016944992085119007
fcfp_965,0.00016918405370627495
ptfp_793,0.00016912475604544485
ecfp_0,0.0001690600193126437
ecfp_201,0.00016872187809622078
ecfp_451,0.00016868746849253743
fcfp_929,0.00016864930555381092
ptfp_34,0.00016849523204978215
fcfp_757,0.00016845227302482088
fcfp_327,0.00016820532702464312
ecfp_18,0.00016801831121049314
fcfp_789,0.00016782675411116825
ecfp_944,0.00016781210990508694
ecfp_856,0.00016763464571984017
ecfp_129,0.00016753467774156263
ecfp_334,0.00016746874513705253
ecfp_479,0.0001673780537296469
ecfp_40,0.00016715618566497342
ecfp_793,0.00016715417375257844
fcfp_715,0.00016696730662066873
ecfp_654,0.0001669475723779174
ecfp_254,0.00016622560409258703
ecfp_84,0.00016608560608013015
ecfp_509,0.0001656723273302509
ptfp_947,0.00016551315004177387
ptfp_448,0.00016499685014142014
ecfp_706,0.00016495061267118895
fcfp_557,0.0001649028423183923
fcfp_552,0.00016470069125502188
ecfp_621,0.00016461773420423914
ecfp_353,0.00016460920532747957
fcfp_983,0.0001645984933102049
ecfp_534,0.00016450883078525605
fcfp_448,0.00016403057286389598
ecfp_697,0.0001635883061770178
ptfp_854,0.00016328813549676305
fcfp_700,0.0001628453494440848
fcfp_383,0.0001626684726294138
ecfp_533,0.0001624063898138321
ecfp_902,0.00016233958495963518
fcfp_215,0.00016227027116292578
ecfp_82,0.0001619662682098161
ecfp_336,0.00016182082367710628
ecfp_777,0.00016167867292421283
fcfp_1018,0.00016157466758874673
ecfp_505,0.0001611491805780132
ecfp_188,0.000160907521996539
fcfp_993,0.00016080245832624345
ptfp_499,0.00016072915886801732
ecfp_358,0.00016067282469171034
ecfp_550,0.00016063953068943984
ecfp_525,0.00016041410011053843
fcfp_105,0.00016024791222689352
fcfp_652,0.00016008576081498384
fcfp_813,0.00016001457510986152
fcfp_367,0.00015999864262002136
ecfp_159,0.00015997228567561183
fcfp_664,0.00015992169168594885
ecfp_474,0.0001598232397840705
fcfp_669,0.00015971815491478154
fcfp_220,0.0001595957911562754
fcfp_876,0.0001589649749141379
fcfp_308,0.0001586577118702493
fcfp_358,0.00015862269261128666
ecfp_861,0.0001585083775922787
ecfp_108,0.00015850699080344435
fcfp_854,0.00015836533294384374
ecfp_91,0.00015814138794130995
ecfp_373,0.0001580389079743015
ptfp_754,0.00015764870828941467
ecfp_6,0.0001575365047153512
ptfp_646,0.00015727386116319396
fcfp_380,0.00015720423499728677
fcfp_342,0.00015717478354899543
fcfp_996,0.00015705174888928897
ecfp_61,0.0001568849880160559
fcfp_80,0.00015679946221833953
fcfp_416,0.00015670093565615768
fcfp_572,0.0001565645740811215
fcfp_377,0.00015651031137375567
ecfp_424,0.00015637359244064444
ecfp_20,0.00015566821062500458
ptfp_712,0.00015565895558722004
ecfp_447,0.00015556215353360593
ecfp_150,0.00015529604422169434
ecfp_752,0.00015512991182493926
ptfp_1018,0.00015511041666686236
ecfp_541,0.00015497636564146985
ecfp_757,0.00015494164954513506
ecfp_109,0.00015482421589490728
ecfp_278,0.00015454259309918164
fcfp_725,0.0001544765943633542
fcfp_420,0.0001539988022833978
ecfp_1012,0.00015392791577418936
ptfp_352,0.0001538560543667661
ptfp_1016,0.00015377515395830786
fcfp_846,0.00015361446171925714
ptfp_330,0.0001536023745682521
ecfp_1006,0.00015340692404367437
ecfp_918,0.00015336091746293265
ecfp_889,0.00015333376883503865
fcfp_864,0.00015320516593766994
ecfp_597,0.0001530931238132044
fcfp_521,0.00015308131356580115
fcfp_449,0.00015285244117843686
fcfp_717,0.00015230962118206704
ecfp_340,0.00015216795022542315
ptfp_440,0.00015176835628368977
ecfp_344,0.00015157974510236047
ecfp_122,0.00015156882686318646
fcfp_607,0.00015151583814160765
ecfp_460,0.00015140526238091503
ecfp_711,0.00015127956580683908
fcfp_1004,0.00015123643492634143
fcfp_393,0.0001511690813167466
fcfp_967,0.00015115164555557078
ecfp_17,0.00015111616999899434
ecfp_443,0.00015101820202175254
ecfp_877,0.00015067991035850033
ptfp_133,0.00015057784158385826
ecfp_632,0.00015030166251050006
fcfp_634,0.00015023212353791886
ecfp_306,0.00015014255859654714
ecfp_536,0.00014996079050070987
fcfp_98,0.00014995811688676722
fcfp_15,0.0001496565149289242
ecfp_264,0.000149538221230561
ecfp_239,0.000149360246614772
ecfp_748,0.0001491182994654793
fcfp_81,0.00014904503209808127
ptfp_170,0.000148774915135998
ecfp_52,0.00014860118432519787
ecfp_871,0.0001484400469365133
ptfp_832,0.00014843678076551816
ecfp_1008,0.00014824822374617303
ecfp_563,0.00014809460665019984
ecfp_180,0.00014803245693775907
ecfp_1021,0.0001474412196063363
ecfp_862,0.00014702654489656748
ecfp_590,0.00014702368134319078
ptfp_552,0.00014688722091585807
ecfp_206,0.00014679766462841483
ptfp_825,0.0001466484595519398
fcfp_278,0.00014663942709253788
fcfp_7,0.00014659968867711747
ecfp_468,0.00014634798455742548
ecfp_612,0.00014619862451333885
ecfp_735,0.00014585299104312907
fcfp_858,0.00014519969651687268
ecfp_304,0.00014512955303868833
ecfp_636,0.0001449666928387051
ecfp_205,0.0001449625781678308
ptfp_643,0.00014493916312082182
ecfp_1003,0.00014469759607830667
ptfp_29,0.00014433535013137536
fcfp_505,0.00014433240777418592
ptfp_70,0.00014393062119855
fcfp_753,0.0001439167036579437
ptfp_312,0.00014386058134637652
ecfp_535,0.00014335965598328052
fcfp_497,0.0001432586510052766
ptfp_1015,0.00014299626890655802
ptfp_782,0.00014287006322660512
ptfp_539,0.00014281098619274836
fcfp_374,0.00014278141250309988
fcfp_704,0.00014276473137675755
fcfp_235,0.0001426220488221222
ptfp_687,0.0001425078886037739
ecfp_57,0.00014235521895150923
ecfp_605,0.00014222639601442052
ecfp_895,0.00014201897839032969
fcfp_896,0.0001419829016894542
fcfp_52,0.00014198085339590862
ptfp_906,0.0001417023190366063
fcfp_161,0.00014169554429979678
fcfp_569,0.00014153713033128814
ecfp_766,0.00014129152810539954
fcfp_347,0.00014126680563801886
ecfp_328,0.00014123246601341918
ecfp_921,0.0001410614127295094
ecfp_852,0.0001409846885708361
fcfp_331,0.00014085052139966962
ecfp_113,0.0001408331868350833
ecfp_788,0.0001403822009567653
ecfp_733,0.00014037286596670605
ecfp_854,0.00014024537444965498
ecfp_1002,0.00014016688979243345
ecfp_604,0.00014015603770980685
ecfp_287,0.00014000393939901285
fcfp_732,0.00013970326086386377
fcfp_972,0.00013964811329929519
ecfp_520,0.00013962802254456855
fcfp_123,0.00013954107692394383
fcfp_49,0.0001391660238086939
ptfp_338,0.000138691961337815
fcfp_507,0.00013868439175394534
ecfp_837,0.0001386716895304905
fcfp_446,0.0001383683290719202
ecfp_436,0.00013820824911019503
ecfp_408,0.0001380804258908048
fcfp_938,0.00013780531421695225
ecfp_776,0.00013761423569497264
ecfp_167,0.0001374796866829851
fcfp_133,0.00013707353134931934
ptfp_275,0.00013703513511062216
ecfp_539,0.00013689676623394593
ecfp_208,0.0001367800947880398
ecfp_1020,0.00013673342112532303
fcfp_122,0.0001366869681087798
fcfp_385,0.00013661626183613724
ecfp_501,0.00013654259309587042
fcfp_29,0.00013637198568841705
ptfp_366,0.00013602900415376346
fcfp_922,0.00013584626036155446
ecfp_220,0.00013583119667693051
fcfp_183,0.0001357764335804282
ecfp_762,0.0001355022878944093
ecfp_400,0.0001354732414710033
fcfp_404,0.0001354687312150001
fcfp_323,0.00013496031052617706
ptfp_306,0.00013475836491932323
ecfp_770,0.00013452136754877833
ptfp_148,0.0001344601658486982
ptfp_686,0.00013434290595173415
fcfp_811,0.00013431602204868692
fcfp_289,0.00013416136967023002
fcfp_641,0.00013404945509049493
ecfp_567,0.0001340146770956917
fcfp_100,0.00013382685020024257
ptfp_395,0.000133552174706339
ecfp_805,0.00013346803405411888
ecfp_537,0.00013339329953587285
ecfp_187,0.00013330491157892898
fcfp_898,0.00013325267999194184
fcfp_259,0.0001332297575139045
ptfp_388,0.00013320405160919545
ptfp_438,0.00013306358228018546
ecfp_238,0.0001330439264533123
fcfp_567,0.00013299612908858552
fcfp_403,0.00013284316308209002
fcfp_772,0.00013283140994855303
ptfp_956,0.0001327932507174606
fcfp_840,0.00013264746481972872
ecfp_493,0.0001326100086807911
ptfp_749,0.00013252852790136417
ecfp_438,0.00013231314812220122
fcfp_444,0.00013229136002199657
ecfp_939,0.000132182565825466
fcfp_620,0.0001318752488560992
fcfp_946,0.00013176903564360602
ecfp_973,0.00013172030398657213
fcfp_115,0.00013164280841505998
ecfp_96,0.0001315623140442687
ecfp_868,0.0001314785338848964
ecfp_103,0.00013141382717969525
ecfp_517,0.00013139984144412475
ecfp_987,0.00013125748298071382
ecfp_817,0.00013078168719075578
ecfp_7,0.00013078024753535237
ecfp_124,0.00013071322474378125
ecfp_568,0.00013046517364464957
ptfp_518,0.0001302079903359853
ecfp_215,0.0001300326803065878
ptfp_920,0.00013003129688462424
ptfp_373,0.00012996425743814412
ecfp_320,0.0001296786586960669
fcfp_20,0.0001296412019029526
fcfp_300,0.00012962060202297983
ptfp_606,0.00012961443868483453
ptfp_679,0.00012961222221083272
fcfp_544,0.0001294203411990133
fcfp_170,0.0001291963324002048
ecfp_977,0.0001288041402411296
ecfp_521,0.00012846772494681368
ecfp_846,0.00012841340980517202
fcfp_874,0.00012803987091100245
fcfp_958,0.0001280108249951756
fcfp_73,0.0001279749461677727
fcfp_386,0.00012787512310590948
ptfp_661,0.00012787417925461307
ecfp_356,0.00012775741049429021
ecfp_901,0.00012772699964308117
fcfp_360,0.00012764512469470087
ptfp_483,0.00012758282559324
ptfp_977,0.00012756044719568904
fcfp_254,0.00012749245132308152
fcfp_510,0.0001274853863427457
ecfp_78,0.00012745407217229143
fcfp_682,0.00012732503528842143
ecfp_95,0.00012726826119546564
fcfp_57,0.00012705023288879332
ecfp_704,0.00012667330381888975
fcfp_50,0.00012658558671048894
ecfp_872,0.00012658408081091577
fcfp_197,0.00012630873434615352
ecfp_481,0.0001262684933176479
ecfp_870,0.00012623451243876793
fcfp_841,0.00012617000293799424
fcfp_661,0.00012615409493475167
ecfp_348,0.00012588725200185012
ecfp_12,0.0001258047544297313
fcfp_116,0.00012554732230422494
fcfp_205,0.00012545880708857043
ptfp_215,0.00012543806750846468
fcfp_165,0.00012541354993380428
ecfp_773,0.00012530783494663355
ecfp_24,0.000125001057639167
fcfp_801,0.00012488976268951757
ptfp_384,0.0001248825897851643
ecfp_952,0.0001248745028828549
fcfp_748,0.00012485928323193588
fcfp_51,0.00012445979021815133
ecfp_178,0.00012440005371704558
ecfp_601,0.00012430696853719828
ecfp_149,0.00012405278117771394
fcfp_361,0.0001240300762781627
fcfp_251,0.00012397055299893017
ptfp_277,0.00012349395903855608
ecfp_89,0.00012336131868363105
fcfp_633,0.00012328651611846766
ptfp_871,0.00012309310645633562
fcfp_447,0.0001229743151384386
fcfp_111,0.00012296438677899198
ecfp_300,0.00012282862152256248
fcfp_298,0.00012265060483498938
fcfp_56,0.00012262313606965067
ptfp_916,0.0001225588795000809
ecfp_177,0.00012238814706163234
ecfp_478,0.0001223092228615849
fcfp_114,0.00012214882262282471
ecfp_280,0.0001221183137519213
ptfp_849,0.0001220809982393146
fcfp_632,0.00012204498205251903
fcfp_112,0.00012188990181129385
ecfp_920,0.0001218265370359854
fcfp_335,0.0001216736498666214
ecfp_572,0.00012158853705416198
fcfp_953,0.00012152100653380121
ecfp_453,0.00012143688219739996
ecfp_880,0.00012120212624995555
ecfp_992,0.00012092475081183551
ecfp_988,0.00012090398247334098
ecfp_196,0.00012078213825571701
ecfp_783,0.0001207821172461236
ptfp_297,0.00012028091899156008
ptfp_578,0.00012013626929160277
fcfp_480,0.00012012198987200271
fcfp_310,0.00012010254329293145
ecfp_499,0.00011996939171665644
ecfp_412,0.00011987458345891657
ecfp_296,0.00011985489716198947
ptfp_106,0.00011965395638023228
ecfp_962,0.00011931532029446289
ptfp_744,0.00011926217676947242
ptfp_789,0.00011918756691101864
ecfp_900,0.00011900808110238853
ecfp_630,0.00011892564183562515
ecfp_127,0.00011889690551586602
ptfp_335,0.00011855113667193554
ecfp_228,0.00011854211534116863
fcfp_419,0.00011831270915000683
fcfp_72,0.00011827169524234229
ptfp_852,0.0001182538197988782
fcfp_31,0.0001180646834128703
ptfp_321,0.00011776880454865524
ecfp_54,0.00011755730764940178
ptfp_382,0.00011721068323202147
fcfp_328,0.00011720235603780886
ptfp_317,0.00011720207442594622
ecfp_758,0.0001163860097358382
ecfp_810,0.00011624594692064637
ecfp_764,0.00011609590297051473
fcfp_78,0.00011592556471798407
ecfp_882,0.00011586794969740273
ecfp_1023,0.00011567326669896314
fcfp_766,0.00011510571611580029
ecfp_670,0.00011507051772983468
ecfp_722,0.00011503670205698537
fcfp_212,0.00011491073075567178
fcfp_421,0.00011485465408326988
ecfp_778,0.00011478841750520105
fcfp_947,0.0001144788432219261
ecfp_894,0.00011446660630403133
ecfp_616,0.00011426593238293749
ecfp_876,0.00011424627859416
ecfp_850,0.00011408813581465758
fcfp_82,0.00011388959750480352
ecfp_274,0.00011384624168647989
ptfp_921,0.00011370187890745257
ecfp_376,0.00011368381558329395
ecfp_454,0.00011355491870000129
ecfp_822,0.000112916271144984
ecfp_93,0.00011287033984748888
fcfp_847,0.00011279620523551196
fcfp_190,0.000112686821722577
ecfp_415,0.00011251397764139798
fcfp_670,0.00011225949577356852
ecfp_324,0.00011165206335816411
fcfp_378,0.00011161776912377179
ptfp_88,0.000111435154834625
ecfp_812,0.00011139327088795243
ecfp_813,0.00011129238907312476
ecfp_68,0.00011122739048608826
ecfp_282,0.00011111351492058678
ecfp_731,0.00011100267506798062
ptfp_821,0.00011089513055844824
ptfp_680,0.00011072465178249337
ecfp_316,0.00011065820268038805
ecfp_234,0.00011051201475272888
fcfp_963,0.00011048194714471193
fcfp_943,0.0001103717799955051
fcfp_581,0.00011026631630729727
ptfp_959,0.000110266185314652
ecfp_418,0.00011002029786688549
fcfp_970,0.00010998880675520919
fcfp_407,0.00010990854569735272
ptfp_653,0.00010982798839631143
fcfp_687,0.000109710308026022
ecfp_390,0.00010969090185388892
ecfp_866,0.00010939424073131723
ptfp_331,0.00010936601934402925
ecfp_98,0.00010930908965528917
fcfp_1023,0.00010902433308566204
ptfp_525,0.00010888433568416032
fcfp_458,0.00010885583364340183
ecfp_469,0.00010867072458613502
fcfp_42,0.00010844806967137445
ecfp_35,0.00010843029757323801
fcfp_918,0.00010838834943241182
ecfp_743,0.00010831430615321211
fcfp_103,0.00010830923839887304
ecfp_769,0.00010813497956518761
ecfp_22,0.00010811739222032887
fcfp_136,0.00010799715450799703
fcfp_756,0.00010763653517076778
ecfp_574,0.00010758327126300285
ptfp_322,0.00010754795720318207
ptfp_805,0.00010715547369705923
ecfp_983,0.00010678580757244684
fcfp_402,0.00010671029890225962
ecfp_66,0.00010669419971345052
fcfp_778,0.00010665691821148528
ecfp_476,0.00010636509485687264
ecfp_923,0.00010631040541123711
ecfp_542,0.00010630095832528829
fcfp_228,0.00010603215903955104
fcfp_1019,0.0001059597921937332
fcfp_931,0.00010594291777223898
fcfp_989,0.00010585958822540445
fcfp_244,0.00010552415923251311
ptfp_291,0.000105447780588101
ptfp_162,0.00010529914905826238
ptfp_887,0.00010524253565480424
fcfp_869,0.00010515328922287865
ecfp_88,0.00010513479371301183
fcfp_202,0.0001051018340674973
ptfp_669,0.00010497327571847979
fcfp_760,0.00010486668810010391
fcfp_837,0.00010484171528031621
fcfp_912,0.00010431138408117467
ecfp_1007,0.00010425816916863849
fcfp_288,0.00010377251675792522
ptfp_792,0.00010344046498544656
fcfp_175,0.00010340059054254758
ecfp_364,0.0001033072020485812
ecfp_182,0.00010330254018591906
fcfp_405,0.00010320368677013866
fcfp_277,0.00010320091117688437
fcfp_887,0.0001031450371614876
fcfp_409,0.00010296239259072289
fcfp_689,0.00010251982061830637
ptfp_78,0.00010241038906428428
ecfp_467,0.00010230184346664596
fcfp_177,0.00010229556125509295
ecfp_434,0.00010220417142557004
ecfp_100,0.00010198492867841615
fcfp_586,0.00010166255082275709
ptfp_354,0.00010154501614782661
fcfp_935,0.00010138498739844682
fcfp_423,0.0001011311804677214
fcfp_961,0.00010103269087622581
ptfp_624,0.00010096620843436033
fcfp_357,0.0001008496166494353
ecfp_326,0.00010079459282743917
ptfp_513,0.00010060136986090364
ptfp_167,0.00010026743390792266
ptfp_137,9.987147568229843e-05
fcfp_647,9.983723890371316e-05
ptfp_299,9.981184576312941e-05
fcfp_474,9.958396391012026e-05
ecfp_247,9.945375551285334e-05
fcfp_373,9.899956322331611e-05
ptfp_811,9.893747331436676e-05
fcfp_1001,9.892546028280205e-05
ecfp_466,9.880758387429557e-05
ecfp_405,9.85151441722673e-05
ecfp_655,9.826586354505246e-05
fcfp_907,9.817036672821532e-05
fcfp_194,9.788878895445532e-05
fcfp_353,9.774334468585159e-05
ecfp_166,9.769281990766425e-05
fcfp_187,9.735440851090599e-05
fcfp_608,9.714026087250046e-05
ecfp_1001,9.709727943913968e-05
ecfp_28,9.707042133464329e-05
ptfp_427,9.706311941093832e-05
fcfp_549,9.705576148073483e-05
ptfp_706,9.70509853736335e-05
fcfp_299,9.692871423676613e-05
fcfp_167,9.691309782830068e-05
ecfp_169,9.674124396691449e-05
fcfp_354,9.669443707180847e-05
ptfp_884,9.648545958194074e-05
fcfp_279,9.640913462694462e-05
ecfp_991,9.632919021710741e-05
ecfp_907,9.627836607331615e-05
fcfp_282,9.623680546143208e-05
ecfp_849,9.590574703088203e-05
ptfp_732,9.542122689441899e-05
ecfp_137,9.531009577372984e-05
fcfp_797,9.52747112136405e-05
fcfp_501,9.515769434488576e-05
fcfp_339,9.50683276677666e-05
ecfp_727,9.462751728318712e-05
fcfp_1013,9.443487713771622e-05
fcfp_820,9.435914420294793e-05
fcfp_234,9.434202623171728e-05
fcfp_425,9.428303241492336e-05
ecfp_414,9.423059664486266e-05
ecfp_519,9.38723207627228e-05
ptfp_309,9.36725229073816e-05
ptfp_196,9.367250638240997e-05
fcfp_338,9.364480127265223e-05
fcfp_921,9.292480515516031e-05
fcfp_506,9.282543862591796e-05
fcfp_919,9.281729865887801e-05
ptfp_758,9.270877004832353e-05
ecfp_532,9.255771068100646e-05
fcfp_942,9.240498481332e-05
ecfp_163,9.236594312171827e-05
ecfp_135,9.230456992567148e-05
fcfp_709,9.216855993598423e-05
ecfp_685,9.216804227104271e-05
ecfp_782,9.213788338162026e-05
ecfp_803,9.183531075324077e-05
fcfp_240,9.174311915812432e-05
fcfp_280,9.171813646583098e-05
fcfp_394,9.132059770732724e-05
fcfp_268,9.126995490888985e-05
ecfp_370,9.120564084509557e-05
fcfp_850,9.120537665435222e-05
fcfp_612,9.111367833657926e-05
fcfp_759,9.102088121590205e-05
fcfp_467,9.095822172318019e-05
ecfp_596,9.071347631079161e-05
fcfp_262,9.067325148828142e-05
fcfp_606,9.04354488772321e-05
fcfp_439,9.041016752047973e-05
ecfp_737,9.031212167503367e-05
fcfp_676,9.029782289251738e-05
fcfp_635,9.001908685878532e-05
ptfp_604,8.999773204214004e-05
fcfp_999,8.976058364291006e-05
fcfp_150,8.974136094230826e-05
ecfp_224,8.972662080830526e-05
ecfp_402,8.942173047647168e-05
fcfp_35,8.941787741821107e-05
ptfp_771,8.917920775651599e-05
ecfp_863,8.894475635801444e-05
ecfp_508,8.890411422196198e-05
ecfp_686,8.844689875557874e-05
ptfp_446,8.842466449999829e-05
fcfp_162,8.833187158885941e-05
ecfp_377,8.833020942754291e-05
fcfp_745,8.793790741473033e-05
fcfp_603,8.773741427250118e-05
ecfp_170,8.76079998499168e-05
ptfp_3,8.754406919428782e-05
fcfp_316,8.747924200099e-05
ptfp_466,8.70152432499958e-05
ecfp_1000,8.696480944536648e-05
fcfp_433,8.695327383386752e-05
ecfp_729,8.672559302039803e-05
ecfp_844,8.658634496800063e-05
fcfp_765,8.645514204091108e-05
fcfp_541,8.628074293385138e-05
ecfp_569,8.61494536588161e-05
fcfp_955,8.603269920115992e-05
fcfp_293,8.589827837135331e-05
fcfp_900,8.578660795426383e-05
fcfp_960,8.578640529861896e-05
ecfp_397,8.55539763668267e-05
ptfp_426,8.475859915638876e-05
ecfp_949,8.468543302088902e-05
fcfp_735,8.467853002543037e-05
fcfp_787,8.461115652130616e-05
ecfp_48,8.458114338587386e-05
fcfp_692,8.440907974382328e-05
ecfp_55,8.430920986579007e-05
ecfp_71,8.426534008529567e-05
ecfp_626,8.422771773596218e-05
ecfp_292,8.414549715755791e-05
ptfp_867,8.413457744084329e-05
fcfp_372,8.379054273842051e-05
ecfp_826,8.34139267838805e-05
fcfp_209,8.335229580101913e-05
ptfp_1010,8.33332109944269e-05
fcfp_451,8.328530823694241e-05
ecfp_941,8.320010831418334e-05
ecfp_513,8.314593936898179e-05
fcfp_914,8.313557519805728e-05
fcfp_1002,8.307640977231192e-05
fcfp_547,8.284301155895755e-05
fcfp_870,8.280883205091201e-05
fcfp_579,8.263061289412003e-05
ecfp_382,8.218013560454142e-05
fcfp_375,8.195414667902848e-05
fcfp_645,8.192146466079948e-05
fcfp_625,8.191048783792405e-05
fcfp_990,8.173056403471121e-05
fcfp_799,8.125802227886622e-05
ecfp_858,8.121974429103707e-05
ecfp_51,8.120776124408991e-05
fcfp_859,8.097888915516746e-05
ecfp_253,8.096769921312608e-05
fcfp_457,8.096761887939874e-05
ptfp_800,8.096613927425819e-05
fcfp_332,8.066071250921485e-05
ptfp_913,8.063930911388184e-05
fcfp_879,8.055748224817598e-05
fcfp_438,8.043357535287565e-05
fcfp_800,7.987977228637198e-05
fcfp_140,7.979810528626768e-05
ptfp_243,7.95735862865221e-05
fcfp_219,7.956336428891454e-05
fcfp_302,7.94245061491085e-05
fcfp_40,7.900929092688115e-05
fcfp_307,7.891824974844785e-05
fcfp_932,7.878385711056395e-05
ecfp_161,7.852181676748012e-05
fcfp_491,7.828983389385685e-05
fcfp_994,7.818714134262775e-05
fcfp_54,7.814105154703168e-05
fcfp_782,7.798748610013186e-05
ptfp_536,7.780533716637937e-05
fcfp_493,7.754042304963638e-05
ecfp_510,7.700902643745945e-05
ecfp_154,7.668268833345376e-05
fcfp_655,7.655182949847987e-05
fcfp_71,7.635760430221295e-05
fcfp_702,7.632228826756134e-05
fcfp_182,7.61170024233908e-05
fcfp_556,7.607195562874984e-05
ptfp_608,7.602101873903338e-05
fcfp_518,7.585483481685466e-05
ecfp_269,7.584151865248304e-05
fcfp_613,7.574057673163482e-05
ptfp_911,7.550014041317414e-05
fcfp_169,7.544738734064321e-05
ecfp_445,7.533451930561263e-05
fcfp_286,7.516721752515988e-05
ptfp_588,7.509032902121557e-05
ecfp_682,7.426000959688494e-05
fcfp_672,7.401920215013414e-05
fcfp_575,7.346795935587823e-05
fcfp_830,7.33493147567149e-05
fcfp_226,7.332810015372144e-05
fcfp_210,7.316947930416925e-05
ptfp_74,7.311644962477381e-05
fcfp_243,7.311545531744277e-05
fcfp_514,7.304990376565064e-05
ecfp_912,7.289645321090609e-05
fcfp_281,7.277614881011497e-05
ptfp_688,7.273739387312177e-05
fcfp_39,7.261889162453878e-05
fcfp_795,7.254069226947168e-05
fcfp_954,7.222417332591156e-05
ptfp_557,7.217721441487765e-05
fcfp_88,7.203838933430388e-05
fcfp_139,7.196508116809463e-05
ptfp_54,7.17238027773414e-05
fcfp_750,7.167379513901887e-05
ecfp_229,7.156279235437858e-05
ecfp_995,7.120423948340922e-05
ecfp_189,7.091917000995173e-05
fcfp_62,7.054894425666361e-05
ecfp_615,7.042532257779643e-05
fcfp_77,7.022156049339179e-05
fcfp_853,7.018481655955193e-05
fcfp_885,7.017050151434514e-05
ptfp_348,7.0117995978426e-05
fcfp_330,6.999917896922738e-05
fcfp_872,6.999651126739498e-05
fcfp_22,6.983036637454058e-05
ecfp_337,6.970393697033692e-05
fcfp_677,6.956761283696857e-05
fcfp_888,6.931265458690159e-05
fcfp_798,6.927586515768078e-05
fcfp_284,6.920758296303375e-05
fcfp_287,6.917296730473079e-05
ecfp_44,6.912931187210522e-05
fcfp_638,6.88987159368382e-05
ecfp_538,6.867100450354556e-05
fcfp_827,6.862698219665847e-05
fcfp_573,6.799376060843584e-05
fcfp_295,6.78919839114487e-05
fcfp_46,6.77358257776557e-05
fcfp_582,6.760459838065403e-05
ecfp_761,6.745289643427482e-05
ecfp_683,6.728960308112036e-05
fcfp_770,6.711768020448906e-05
ptfp_801,6.687648056693549e-05
ecfp_462,6.675657143830165e-05
fcfp_304,6.670324977428418e-05
ptfp_400,6.67024360240621e-05
fcfp_780,6.61625590206912e-05
fcfp_831,6.601294515663355e-05
fcfp_247,6.58341169030325e-05
fcfp_562,6.574165195330511e-05
fcfp_950,6.552280196247054e-05
fcfp_460,6.50799686079831e-05
ptfp_248,6.507379702899611e-05
fcfp_408,6.479621084047306e-05
fcfp_517,6.462030375175071e-05
fcfp_231,6.445653140130498e-05
fcfp_957,6.4416012586239e-05
fcfp_889,6.439341696085239e-05
ecfp_347,6.403040093914851e-05
ptfp_109,6.36065532892233e-05
fcfp_617,6.359154920345032e-05
fcfp_554,6.344665427054463e-05
fcfp_881,6.342236151660408e-05
ptfp_201,6.338599710156176e-05
fcfp_836,6.337019810490348e-05
ptfp_172,6.325206105492004e-05
fcfp_236,6.290078451870545e-05
ecfp_979,6.249726817022617e-05
fcfp_768,6.167772046449398e-05
fcfp_392,6.157636826200094e-05
fcfp_694,6.156386081333144e-05
ptfp_814,6.1540677989115e-05
fcfp_706,6.142059856091626e-05
fcfp_516,6.119050594137232e-05
ecfp_321,6.089470522137951e-05
fcfp_897,6.071088871688377e-05
ptfp_877,6.066337710190987e-05
ptfp_675,6.065781882814828e-05
fcfp_391,6.060289137030484e-05
fcfp_923,6.0340740502985395e-05
ptfp_787,6.0139510107485963e-05
fcfp_463,6.0123741256422366e-05
fcfp_755,5.997797588099628e-05
fcfp_653,5.9892045967558294e-05
ptfp_64,5.935359773638577e-05
fcfp_609,5.930218397285777e-05
fcfp_741,5.9281473923594505e-05
ecfp_633,5.92795701205328e-05
fcfp_558,5.919488527118978e-05
ecfp_696,5.908633459666071e-05
fcfp_796,5.905232352351928e-05
ptfp_423,5.9018751102205974e-05
fcfp_309,5.89368730615586e-05
ptfp_40,5.871425614900759e-05
fcfp_430,5.81669673169079e-05
fcfp_899,5.8156342620429e-05
fcfp_485,5.810611821658819e-05
ecfp_152,5.806422391512804e-05
fcfp_817,5.788784379620769e-05
ptfp_43,5.7624486131909056e-05
fcfp_593,5.7611725299935394e-05
ptfp_708,5.6927431108154775e-05
fcfp_206,5.68291683004306e-05
fcfp_207,5.6793859170672544e-05
fcfp_350,5.672578229177027e-05
ptfp_497,5.611943040134988e-05
fcfp_45,5.6069564746326785e-05
fcfp_432,5.573612957954361e-05
fcfp_434,5.568917241609668e-05
ptfp_589,5.566081766503755e-05
fcfp_208,5.5574709496210474e-05
fcfp_833,5.540454733215499e-05
fcfp_426,5.529000769790273e-05
ecfp_153,5.523432552127316e-05
ecfp_359,5.522601068031822e-05
ptfp_883,5.520003440100275e-05
ptfp_236,5.503726342161432e-05
fcfp_84,5.4908671717403376e-05
fcfp_752,5.478738879669853e-05
ptfp_289,5.4730839121565967e-05
fcfp_882,5.448825366218614e-05
ecfp_867,5.4337323713024036e-05
ptfp_942,5.4310440124010106e-05
ptfp_450,5.419227765764943e-05
ecfp_943,5.396421884504893e-05
fcfp_83,5.378188464334205e-05
ptfp_278,5.365106928443592e-05
fcfp_1007,5.3587048751635535e-05
ptfp_484,5.352056825114675e-05
fcfp_703,5.320198757593487e-05
fcfp_589,5.29284049636321e-05
ptfp_203,5.288344515087819e-05
fcfp_437,5.269313505515262e-05
fcfp_118,5.268782461743849e-05
ecfp_963,5.266606122745331e-05
fcfp_868,5.266523487071788e-05
fcfp_933,5.258228578223805e-05
fcfp_96,5.257295718951734e-05
ecfp_1016,5.250316586381496e-05
ecfp_972,5.234597155379996e-05
fcfp_878,5.222248793920661e-05
fcfp_382,5.204674982507038e-05
ptfp_795,5.2019376723630465e-05
fcfp_861,5.2008562880888723e-05
fcfp_849,5.194816032545278e-05
ptfp_922,5.176449036241712e-05
ptfp_30,5.173466804275452e-05
fcfp_412,5.172807297063044e-05
fcfp_369,5.1705086552856876e-05
ecfp_174,5.16251794499088e-05
fcfp_530,5.148811307224282e-05
fcfp_415,5.143363662249509e-05
fcfp_176,5.1291048052226864e-05
fcfp_227,5.097312611436801e-05
fcfp_36,5.089342548842735e-05
fcfp_903,5.083817455101897e-05
ptfp_89,5.04800252366886e-05
ecfp_199,5.0437461201066614e-05
fcfp_398,5.0326859549008154e-05
fcfp_956,5.02581470605603e-05
fcfp_877,5.0021574669560664e-05
fcfp_160,4.987138297176291e-05
fcfp_305,4.986719055926914e-05
fcfp_727,4.981381556240558e-05
fcfp_324,4.9811294576886824e-05
ecfp_176,4.9716430772751294e-05
fcfp_616,4.966048844805053e-05
fcfp_844,4.959174634780276e-05
ptfp_421,4.950608679110231e-05
fcfp_511,4.9421495269089954e-05
fcfp_53,4.9314044284284514e-05
fcfp_173,4.930295048481844e-05
fcfp_941,4.8906770392265344e-05
fcfp_769,4.890038378356479e-05
fcfp_940,4.8663199385778e-05
fcfp_440,4.8147478889257796e-05
ecfp_156,4.791580671711385e-05
ptfp_709,4.7795177016295474e-05
fcfp_832,4.7732652463194106e-05
ptfp_117,4.7572202817595195e-05
ptfp_56,4.7567729559113466e-05
ptfp_55,4.742890936058987e-05
ecfp_529,4.728621299718212e-05
ptfp_734,4.708544313887877e-05
fcfp_356,4.680523047257543e-05
fcfp_58,4.644273212777402e-05
fcfp_659,4.628671073374511e-05
ptfp_691,4.612936092176558e-05
fcfp_916,4.593469779262725e-05
fcfp_784,4.5779423906142444e-05
fcfp_721,4.5656410103109625e-05
fcfp_599,4.554724750867617e-05
fcfp_384,4.532290856702133e-05
fcfp_863,4.531190208695083e-05
fcfp_771,4.511614135743807e-05
ptfp_1,4.4997784476605444e-05
fcfp_346,4.4993807408455295e-05
fcfp_229,4.4765592583056093e-05
fcfp_443,4.462224195668911e-05
fcfp_559,4.461405598777628e-05
fcfp_89,4.446370735343564e-05
fcfp_291,4.4428250976184715e-05
fcfp_585,4.437936081483478e-05
fcfp_681,4.4223287982007774e-05
ptfp_498,4.414883809257169e-05
fcfp_97,4.402467757955317e-05
fcfp_483,4.3887025903454534e-05
fcfp_158,4.3694955799626754e-05
fcfp_166,4.359542450336609e-05
ptfp_858,4.343571050782281e-05
fcfp_87,4.32426177995003e-05
fcfp_866,4.308901404999881e-05
fcfp_469,4.289461623957494e-05
fcfp_984,4.2789614563616346e-05
fcfp_257,4.273252459265607e-05
fcfp_726,4.268557446811884e-05
fcfp_712,4.232443117267165e-05
ecfp_851,4.224815525144505e-05
fcfp_159,4.201863436048538e-05
fcfp_969,4.182676839951705e-05
fcfp_945,4.180432414230679e-05
fcfp_786,4.164136666585701e-05
fcfp_856,4.1360514125625553e-05
fcfp_168,4.086053226031484e-05
fcfp_225,4.049894352466396e-05
fcfp_301,3.996546772385252e-05
ptfp_233,3.981589521565486e-05
fcfp_591,3.96266906670349e-05
fcfp_25,3.945378620476498e-05
fcfp_201,3.914898502633518e-05
fcfp_271,3.883219968851782e-05
ptfp_290,3.883105854957941e-05
fcfp_842,3.8690221780691065e-05
ptfp_613,3.8449124365614965e-05
fcfp_667,3.8359090821196094e-05
fcfp_917,3.8347841795798965e-05
fcfp_337,3.826408428119462e-05
fcfp_221,3.816614085935268e-05
ptfp_565,3.799274832354439e-05
fcfp_218,3.7988622541497935e-05
fcfp_38,3.793441266367066e-05
fcfp_69,3.7842401163451214e-05
fcfp_818,3.7477546273803665e-05
fcfp_920,3.7348817910795104e-05
fcfp_701,3.733192816884688e-05
fcfp_504,3.716563599960065e-05
fcfp_810,3.689973671841259e-05
fcfp_939,3.67802518682431e-05
fcfp_538,3.676669073769183e-05
fcfp_441,3.6726482492541153e-05
fcfp_551,3.666574999553222e-05
fcfp_186,3.616562116069235e-05
fcfp_828,3.601202589363824e-05
fcfp_949,3.57913838721936e-05
fcfp_618,3.5688875450979696e-05
ptfp_1020,3.540672898971446e-05
fcfp_845,3.522441855585628e-05
fcfp_156,3.513936107054786e-05
fcfp_34,3.5121847314219294e-05
fcfp_724,3.5077009899786194e-05
ptfp_843,3.5024581504261304e-05
fcfp_203,3.4973061229990586e-05
fcfp_329,3.4625132876372565e-05
fcfp_417,3.4415694420385366e-05
fcfp_108,3.4348767923241615e-05
ptfp_337,3.424159589228282e-05
ecfp_111,3.4230459424366134e-05
fcfp_749,3.399948717686109e-05
fcfp_597,3.390322065937231e-05
fcfp_400,3.389977664971094e-05
ptfp_637,3.3870220577366145e-05
fcfp_151,3.357452369743252e-05
fcfp_988,3.331393665099747e-05
fcfp_185,3.3113457717674777e-05
fcfp_651,3.303058880512261e-05
ptfp_924,3.27817516827501e-05
ptfp_413,3.2779163015555935e-05
fcfp_270,3.237379678072277e-05
fcfp_657,3.23581254472346e-05
fcfp_981,3.2130376476790226e-05
fcfp_258,3.21163178949779e-05
fcfp_145,3.1859861832801055e-05
ptfp_51,3.119553742266953e-05
fcfp_528,3.101616788807777e-05
fcfp_401,3.096175540800264e-05
fcfp_248,3.0944600380020575e-05
fcfp_492,3.079386166678422e-05
fcfp_213,3.056035485191748e-05
ptfp_477,3.0533599330213015e-05
fcfp_568,3.0410607896392158e-05
fcfp_303,3.023760223852644e-05
fcfp_639,3.0028110855957654e-05
ptfp_878,3.0008993214662395e-05
fcfp_905,2.991645371588612e-05
ptfp_587,2.9822308831591726e-05
ptfp_798,2.9612949123572667e-05
fcfp_738,2.9546813550080708e-05
fcfp_979,2.9047732244542417e-05
ecfp_681,2.904000033761112e-05
ptfp_470,2.8826005281179694e-05
fcfp_695,2.8787148579641202e-05
fcfp_711,2.8690095310283345e-05
fcfp_410,2.856206548636691e-05
fcfp_456,2.8274249623319378e-05
fcfp_793,2.8214340438800073e-05
fcfp_142,2.8139749540529876e-05
fcfp_621,2.810729782093317e-05
fcfp_737,2.8102183669616208e-05
fcfp_974,2.8038668533720965e-05
fcfp_1000,2.7880729177476247e-05
fcfp_997,2.739892536661647e-05
fcfp_913,2.7382713414650106e-05
fcfp_948,2.6987819668081606e-05
fcfp_610,2.6201065774048065e-05
fcfp_352,2.601812688250416e-05
fcfp_484,2.5533262588552178e-05
ptfp_139,2.546650323576172e-05
fcfp_522,2.5362768859053954e-05
fcfp_631,2.5264241313489174e-05
fcfp_296,2.4810536285854772e-05
fcfp_119,2.458189325457495e-05
fcfp_264,2.4429993956052023e-05
fcfp_155,2.4390598077087887e-05
ptfp_252,2.4025195327755046e-05
ptfp_747,2.3875144571391965e-05
fcfp_774,2.384931561918553e-05
fcfp_884,2.3351740023221606e-05
fcfp_944,2.3007722733362962e-05
fcfp_427,2.2539922285031063e-05
fcfp_602,2.2537071827170823e-05
fcfp_658,2.1994831262431363e-05
fcfp_452,2.1628317524741177e-05
fcfp_453,2.159997492617953e-05
fcfp_794,2.1238931803912278e-05
fcfp_985,2.1081811040878195e-05
fcfp_28,2.0763223990290956e-05
ptfp_632,2.0495583393111522e-05
ptfp_945,2.0412710965333583e-05
fcfp_157,2.039022403668157e-05
fcfp_1022,2.0218694424927353e-05
fcfp_238,2.0194474072548867e-05
fcfp_23,2.0036072733294298e-05
fcfp_376,2.0022035785554545e-05
ptfp_416,1.999418309641666e-05
ptfp_711,1.9969764539291083e-05
fcfp_179,1.9775075599226945e-05
fcfp_816,1.9711862170639706e-05
fcfp_731,1.9649984120520753e-05
ptfp_802,1.954486508265526e-05
ptfp_36,1.9501751644795736e-05
fcfp_92,1.9441861396105076e-05
fcfp_272,1.891085444386162e-05
fcfp_239,1.885952209617532e-05
fcfp_422,1.8623068193922122e-05
fcfp_91,1.853020346611301e-05
fcfp_584,1.843811775118034e-05
fcfp_734,1.825020780425908e-05
fcfp_0,1.7482954590305348e-05
fcfp_55,1.7455075879929366e-05
fcfp_640,1.7370504746287015e-05
fcfp_720,1.7362727759798372e-05
fcfp_241,1.725021241450516e-05
fcfp_930,1.722322817456469e-05
fcfp_154,1.6853151697210623e-05
ptfp_664,1.6664180964233797e-05
fcfp_255,1.6657783823557824e-05
fcfp_470,1.6486645055544066e-05
ptfp_28,1.6375967349135282e-05
ptfp_533,1.6348367626182127e-05
fcfp_102,1.6282604861064302e-05
fcfp_171,1.6272929554865565e-05
fcfp_788,1.609916019677752e-05
fcfp_141,1.5697287493292043e-05
ptfp_943,1.536960185517332e-05
fcfp_184,1.532592674269015e-05
fcfp_214,1.5079206364454426e-05
ptfp_493,1.4904051386038064e-05
fcfp_113,1.4894084321527173e-05
fcfp_137,1.4877536050850738e-05
fcfp_413,1.482362011869622e-05
fcfp_326,1.4797926770815207e-05
ptfp_304,1.476148065125183e-05
fcfp_880,1.4500406828207705e-05
fcfp_838,1.4444102273644063e-05
fcfp_436,1.440429080316053e-05
fcfp_64,1.4400934680028925e-05
fcfp_815,1.4277344604185513e-05
fcfp_85,1.4197686301981721e-05
fcfp_406,1.3958751075248754e-05
ptfp_149,1.3799084462847569e-05
fcfp_269,1.368454267209723e-05
fcfp_867,1.3321831266656092e-05
ptfp_535,1.2631752952273603e-05
fcfp_163,1.2515887183308595e-05
fcfp_500,1.2311083566951097e-05
ptfp_574,1.2233343047087984e-05
fcfp_292,1.2178497620906965e-05
fcfp_487,1.2142305808204162e-05
fcfp_742,1.1842178620207412e-05
fcfp_624,1.1814147402740083e-05
fcfp_250,1.1538965899544762e-05
ptfp_583,1.1424054898086098e-05
fcfp_630,1.1359355975509352e-05
fcfp_462,1.0696994105288116e-05
fcfp_662,1.0675767449881443e-05
fcfp_971,1.0592376751817338e-05
ptfp_743,1.0509486077137139e-05
fcfp_172,1.045115836674394e-05
fcfp_601,1.03402924943643e-05
ptfp_935,1.0242677784243045e-05
fcfp_120,9.679631627990316e-06
fcfp_873,9.620671721026444e-06
fcfp_524,9.431210947901201e-06
ptfp_778,9.335866173960095e-06
fcfp_986,8.918903220060784e-06
fcfp_128,8.7958613619811e-06
fcfp_459,8.775135098150952e-06
ptfp_928,8.709274319109495e-06
fcfp_164,8.55900644328669e-06
fcfp_311,8.546933100772494e-06
fcfp_263,8.528176101054227e-06
ptfp_155,8.521907318062953e-06
fcfp_95,8.50626222167417e-06
fcfp_781,8.441824134318082e-06
fcfp_466,8.358855390555363e-06
fcfp_319,7.766697049618993e-06
fcfp_297,7.645013801220085e-06
ptfp_60,7.596071867598331e-06
fcfp_273,7.500612853832605e-06
ptfp_875,7.03038914280175e-06
ptfp_944,6.663690030298052e-06
ptfp_283,6.615609942769712e-06
ptfp_39,6.264817679513187e-06
ptfp_507,6.2484177957833314e-06
ptfp_364,6.193006554381935e-06
fcfp_540,6.186090777533635e-06
ptfp_757,6.1154011492967315e-06
ptfp_140,6.077169774242695e-06
ptfp_663,6.037295558837937e-06
ptfp_86,5.878717056962612e-06
ptfp_809,5.393722252314366e-06
ptfp_958,5.327156777316797e-06
fcfp_587,5.120604196235681e-06
ptfp_434,5.084684017269889e-06
ptfp_410,5.078319803978943e-06
ptfp_797,5.0513718985416165e-06
ptfp_179,4.564542212417776e-06
ptfp_623,4.524594343544776e-06
ptfp_375,4.1664069971706775e-06
ptfp_178,4.133289510843559e-06
ptfp_135,4.055503825280301e-06
ptfp_420,3.959279654535022e-06
ptfp_359,3.630044231901927e-06
fcfp_980,3.5716169402776026e-06
ptfp_869,3.317557196238745e-06
fcfp_619,3.285215600073831e-06
ptfp_822,3.133280352209762e-06
fcfp_60,3.0853977278516777e-06
fcfp_520,3.084732211549018e-06
ptfp_998,3.0653894188106485e-06
fcfp_90,3.033341920606785e-06
ptfp_230,2.5327705580659532e-06
ptfp_678,2.4670525871765065e-06
ptfp_550,2.2823322980995664e-06
fcfp_107,2.203321647223214e-06
ptfp_451,2.0781161788465888e-06
ptfp_103,1.8970261115100351e-06
ptfp_772,1.8047722384725592e-06
ptfp_475,1.7212346834348738e-06
ptfp_882,1.638989554622025e-06
ptfp_441,1.5051237606319054e-06
ptfp_190,1.416111710847362e-06
ptfp_907,1.2028388557189492e-06
ptfp_447,1.1475681214761675e-06
ptfp_1007,1.127142473511155e-06
fcfp_390,1.0996902447225634e-06
ptfp_435,1.0332126375947068e-06
ptfp_41,1.009610196668295e-06
ptfp_541,9.605436246161993e-07
ptfp_175,9.356115587859857e-07
ptfp_699,8.657063690017459e-07
ptfp_431,8.276002807740159e-07
ptfp_517,7.760977976576484e-07
ptfp_46,6.020147960452721e-07
ptfp_424,6.017556527266561e-07
ptfp_698,6.014870689165172e-07
ptfp_345,2.261981382742893e-07
ptfp_584,1.0401016098601877e-20
ptfp_425,1.6467126661133753e-21
ptfp_465,0.0
ptfp_972,0.0
ptfp_937,0.0
ptfp_957,0.0
ptfp_488,0.0
ptfp_9,0.0
ptfp_474,0.0
ptfp_469,0.0
ptfp_689,0.0
ptfp_740,0.0
ptfp_512,0.0
ptfp_725,0.0
ptfp_343,0.0
ptfp_340,0.0
ptfp_202,0.0
ptfp_773,0.0
ptfp_173,0.0
ptfp_394,0.0
ptfp_393,0.0
ptfp_181,0.0
ptfp_271,0.0
ptfp_270,0.0
ptfp_257,0.0
ptfp_705,0.0
ptfp_527,0.0
ptfp_523,0.0
ptfp_549,0.0
ptfp_392,0.0
ptfp_702,0.0
ptfp_305,0.0
ptfp_296,0.0
ptfp_967,0.0
ptfp_489,0.0
ptfp_68,0.0
fcfp_860,0.0
ptfp_865,0.0
ptfp_217,0.0
ptfp_212,0.0
ptfp_730,0.0
ptfp_253,0.0
ptfp_673,0.0
ptfp_389,0.0
ptfp_390,0.0
ptfp_379,0.0
ptfp_502,0.0
ptfp_490,0.0
ptfp_114,0.0
ptfp_124,0.0
ptfp_108,0.0
ptfp_161,0.0
ptfp_165,0.0
ptfp_100,0.0
ptfp_141,0.0
ptfp_131,0.0
ptfp_158,0.0
ptfp_595,0.0
ptfp_617,0.0
ptfp_618,0.0
ptfp_622,0.0
ptfp_630,0.0
ptfp_365,0.0
ptfp_370,0.0
ptfp_898,0.0
ptfp_37,0.0
ptfp_436,0.0
ptfp_362,0.0
ptfp_360,0.0
ptfp_912,0.0
ptfp_1022,0.0
ptfp_995,0.0
ptfp_923,0.0
ptfp_1003,0.0
ptfp_429,0.0
ptfp_428,0.0
ptfp_963,0.0
ptfp_993,0.0
