Timestamp,real
2025-07-02 00:00:00,76.00729346400793
2025-07-02 00:00:15,75.83353726178109
2025-07-02 00:00:31,79.62085556423209
2025-07-02 00:00:51,76.27246661455366
2025-07-02 00:01:07,79.45851064511392
2025-07-02 00:01:26,80.18799808081323
2025-07-02 00:01:44,78.42180397138716
2025-07-02 00:02:04,79.26438757574898
2025-07-02 00:02:19,78.91735484088123
2025-07-02 00:02:38,78.5439778600263
2025-07-02 00:02:54,76.24595487194206
2025-07-02 00:03:10,78.77731676203352
2025-07-02 00:03:28,79.81262109958676
2025-07-02 00:03:43,78.19063025081522
2025-07-02 00:03:58,79.42391035525394
2025-07-02 00:04:15,79.8123168136785
2025-07-02 00:04:30,79.12578215847978
2025-07-02 00:04:48,76.54325634941145
2025-07-02 00:05:05,78.9065421722576
2025-07-02 00:05:22,76.69949925126873
2025-07-02 00:05:38,77.21061951701243
2025-07-02 00:05:54,76.76104470651161
2025-07-02 00:06:09,78.54945779107756
2025-07-02 00:06:26,77.65543453860907
2025-07-02 00:06:42,75.62948784154528
2025-07-02 00:07:00,75.51454255011446
2025-07-02 00:07:16,77.01381047460899
2025-07-02 00:07:36,72.38620898751716
2025-07-02 00:07:56,76.69752395162543
2025-07-02 00:08:12,78.27979071265499
2025-07-02 00:08:29,77.10932031691053
2025-07-02 00:08:46,77.05040124294112
2025-07-02 00:09:05,75.25793999997987
2025-07-02 00:09:25,77.25807544609113
2025-07-02 00:09:43,81.21434188891786
2025-07-02 00:10:00,77.41993685285297
2025-07-02 00:10:15,80.2278343645584
2025-07-02 00:10:35,79.1400213459824
2025-07-02 00:10:53,81.23863429554832
2025-07-02 00:11:11,83.44785439032353
2025-07-02 00:11:28,82.06651463449509
2025-07-02 00:11:46,81.24560155001555
2025-07-02 00:12:03,83.39733241617493
2025-07-02 00:12:19,82.80699143637815
2025-07-02 00:12:39,82.26315419523769
2025-07-02 00:12:58,79.87727252806083
2025-07-02 00:13:14,83.0295610841829
2025-07-02 00:13:34,84.74743648455924
2025-07-02 00:13:51,82.6516850205128
2025-07-02 00:14:11,82.60169395603414
2025-07-02 00:14:28,79.93146735087878
2025-07-02 00:14:44,83.54138627818804
2025-07-02 00:14:59,80.01769763193623
2025-07-02 00:15:14,78.79913522511333
2025-07-02 00:15:34,78.96162547449589
2025-07-02 00:15:49,77.60104374410098
2025-07-02 00:16:06,77.77422518908686
2025-07-02 00:16:24,72.69525531406349
2025-07-02 00:16:41,76.1590977161449
2025-07-02 00:16:59,78.30406815540938
2025-07-02 00:17:15,73.56810593119272
2025-07-02 00:17:34,72.9822598952447
2025-07-02 00:17:52,75.87832058013643
2025-07-02 00:18:07,73.8939359777226
2025-07-02 00:18:24,74.23693141139356
2025-07-02 00:18:40,73.94787240709705
2025-07-02 00:18:55,74.46430717480786
2025-07-02 00:19:11,72.80960345988224
2025-07-02 00:19:30,72.67290494092293
2025-07-02 00:19:47,73.16891062704896
2025-07-02 00:20:07,74.82800750313297
2025-07-02 00:20:24,74.72822425018947
2025-07-02 00:20:43,72.44226534799537
2025-07-02 00:21:00,74.68689021426921
2025-07-02 00:21:20,74.22276798735244
2025-07-02 00:21:38,75.36339336681904
2025-07-02 00:21:54,77.82747334680285
2025-07-02 00:22:14,77.74283835676319
2025-07-02 00:22:29,76.83792455902811
2025-07-02 00:22:48,74.04107144666114
2025-07-02 00:23:06,75.72720184972405
2025-07-02 00:23:21,77.34986981035225
2025-07-02 00:23:36,77.88947996368337
2025-07-02 00:23:55,76.10849187187226
2025-07-02 00:24:13,73.80006782034746
2025-07-02 00:24:28,76.11707045346928
2025-07-02 00:24:43,75.66683962758987
2025-07-02 00:25:01,72.76335493865075
2025-07-02 00:25:18,75.7125303580435
2025-07-02 00:25:33,69.46447479751087
2025-07-02 00:25:49,76.19620836621537
2025-07-02 00:26:07,68.71556100608895
2025-07-02 00:26:22,70.08683462275167
2025-07-02 00:26:41,69.03630295386873
2025-07-02 00:27:01,66.60378662781136
2025-07-02 00:27:17,67.18767337055087
2025-07-02 00:27:37,69.09493589324401
2025-07-02 00:27:57,67.81450716909555
2025-07-02 00:28:12,67.19478663247548
2025-07-02 00:28:28,67.37706634262544
2025-07-02 00:28:44,66.74315272999792
2025-07-02 00:29:01,67.38467728444355
2025-07-02 00:29:21,68.28924871313691
2025-07-02 00:29:37,66.69808780670547
2025-07-02 00:29:54,68.69476018909444
2025-07-02 00:30:12,68.37301745762935
2025-07-02 00:30:29,65.96027219327459
2025-07-02 00:30:48,70.61442562363406
2025-07-02 00:31:03,70.19774041711891
2025-07-02 00:31:21,71.1348956711998
2025-07-02 00:31:39,70.0033529466837
2025-07-02 00:31:58,72.49973368684897
2025-07-02 00:32:15,71.08277258868736
2025-07-02 00:32:30,75.5490514049742
2025-07-02 00:32:47,70.2423886650438
2025-07-02 00:33:03,73.62427048411803
2025-07-02 00:33:20,73.32531341490396
2025-07-02 00:33:38,75.2802938600035
2025-07-02 00:33:53,73.170240396679
2025-07-02 00:34:10,74.47220173872047
2025-07-02 00:34:25,75.7408687664932
2025-07-02 00:34:40,74.4116854140872
2025-07-02 00:34:56,71.45205382347153
2025-07-02 00:35:12,70.7723888441321
2025-07-02 00:35:30,71.87824811060366
2025-07-02 00:35:49,72.53180506251763
2025-07-02 00:36:04,73.02400145670121
2025-07-02 00:36:23,71.1457570693983
2025-07-02 00:36:41,72.51968910604067
2025-07-02 00:36:56,74.56429527013192
2025-07-02 00:37:11,71.01148739304438
2025-07-02 00:37:31,67.72554745204607
2025-07-02 00:37:50,70.74161888768907
2025-07-02 00:38:07,69.58860416471275
2025-07-02 00:38:23,71.3727969017256
2025-07-02 00:38:40,69.90201761051286
2025-07-02 00:38:59,67.77522236089304
2025-07-02 00:39:15,69.01234629574778
2025-07-02 00:39:32,72.72415159115961
2025-07-02 00:39:52,69.71550173986049
2025-07-02 00:40:08,72.24344630539399
2025-07-02 00:40:23,72.48192222105118
2025-07-02 00:40:40,72.95240487335272
2025-07-02 00:40:56,73.77770110381555
2025-07-02 00:41:16,73.6382897403769
2025-07-02 00:41:32,76.60292249407382
2025-07-02 00:41:48,78.66905267058344
2025-07-02 00:42:08,75.68827401903671
2025-07-02 00:42:25,75.7959156837247
2025-07-02 00:42:43,79.62865193760435
2025-07-02 00:43:00,78.91738567537519
2025-07-02 00:43:19,86.37221124208544
2025-07-02 00:43:39,80.63002224033582
2025-07-02 00:43:56,81.71013879836813
2025-07-02 00:44:12,80.3028063979614
2025-07-02 00:44:32,81.36328997326372
2025-07-02 00:44:47,78.53014129445282
2025-07-02 00:45:04,79.67805065893131
2025-07-02 00:45:24,79.50090037314752
2025-07-02 00:45:41,82.24615973596121
2025-07-02 00:46:01,79.0066508427595
2025-07-02 00:46:17,75.63015025285783
2025-07-02 00:46:32,79.63229587610152
2025-07-02 00:46:47,79.04215341113482
2025-07-02 00:47:06,75.67878845826013
2025-07-02 00:47:26,78.30794934484041
2025-07-02 00:47:43,75.84921557281514
2025-07-02 00:47:58,77.82922303684116
2025-07-02 00:48:13,75.12962518868737
2025-07-02 00:48:31,81.19013403788799
2025-07-02 00:48:49,74.13127517880746
2025-07-02 00:49:04,76.75033292034622
2025-07-02 00:49:24,75.98698813229002
2025-07-02 00:49:43,76.47533146295824
2025-07-02 00:49:58,76.96739899059219
2025-07-02 00:50:14,79.22463337071943
2025-07-02 00:50:31,75.82832523827612
2025-07-02 00:50:50,77.7526346902641
2025-07-02 00:51:06,76.9436227682016
2025-07-02 00:51:25,82.76788465498831
2025-07-02 00:51:41,78.67781243697884
2025-07-02 00:51:58,80.83360347693204
2025-07-02 00:52:15,85.04242988871012
2025-07-02 00:52:33,80.21802271770392
2025-07-02 00:52:53,80.24808709258686
2025-07-02 00:53:09,83.7155075612909
2025-07-02 00:53:27,81.9698798089594
2025-07-02 00:53:43,83.86822884365603
2025-07-02 00:54:01,81.83096459599915
2025-07-02 00:54:18,76.80913837471671
2025-07-02 00:54:37,81.57441704334482
2025-07-02 00:54:55,79.72315636612903
2025-07-02 00:55:11,85.41714430512981
2025-07-02 00:55:27,78.70713271854224
2025-07-02 00:55:47,81.04198240708031
2025-07-02 00:56:04,82.98033767926107
2025-07-02 00:56:20,79.70721098009638
2025-07-02 00:56:35,79.86174475778705
2025-07-02 00:56:54,77.61801456390567
2025-07-02 00:57:12,79.18387398574554
2025-07-02 00:57:32,76.39344865965401
2025-07-02 00:57:51,76.67865474497366
2025-07-02 00:58:08,76.28899696757412
2025-07-02 00:58:28,77.78739094844887
2025-07-02 00:58:46,73.85761030812763
2025-07-02 00:59:04,78.90752646481928
2025-07-02 00:59:19,70.3662574300252
2025-07-02 00:59:36,75.25805748076289
2025-07-02 00:59:56,74.13086244572514
2025-07-02 01:00:16,72.6913980453039
2025-07-02 01:00:32,72.72922704412163
2025-07-02 01:00:47,73.42157312899593
2025-07-02 01:01:02,75.42329672097239
2025-07-02 01:01:22,72.79486552464621
2025-07-02 01:01:42,75.76475551577785
2025-07-02 01:02:01,75.95428120153747
2025-07-02 01:02:20,75.4807261751123
2025-07-02 01:02:39,73.30243713719204
2025-07-02 01:02:54,76.91249048982887
2025-07-02 01:03:10,76.38786562907343
2025-07-02 01:03:28,75.72561200587249
2025-07-02 01:03:47,78.26718146351861
2025-07-02 01:04:03,76.17907332965642
2025-07-02 01:04:20,76.05456361202482
2025-07-02 01:04:39,76.72801263363205
2025-07-02 01:04:57,78.17043437860283
2025-07-02 01:05:14,77.69031961724787
2025-07-02 01:05:31,77.0304372628676
2025-07-02 01:05:49,76.65341057820125
2025-07-02 01:06:08,74.34926705698877
2025-07-02 01:06:23,74.75100253043284
2025-07-02 01:06:41,74.07026880154838
2025-07-02 01:06:59,72.67922873191286
2025-07-02 01:07:17,76.08632267749813
2025-07-02 01:07:34,69.01348492818701
2025-07-02 01:07:50,71.72940060305568
2025-07-02 01:08:05,72.11712963799002
2025-07-02 01:08:24,71.24919312441702
2025-07-02 01:08:43,69.81114845299545
2025-07-02 01:08:59,67.19259486418777
2025-07-02 01:09:17,67.63175785368308
2025-07-02 01:09:32,69.61960960627353
2025-07-02 01:09:51,66.74380240936794
2025-07-02 01:10:11,66.23989291390566
2025-07-02 01:10:30,68.20684201861127
2025-07-02 01:10:48,65.62328862233454
2025-07-02 01:11:08,67.54134362779553
2025-07-02 01:11:24,67.85682867243831
2025-07-02 01:11:39,66.64452689021863
2025-07-02 01:11:55,68.77809604009262
2025-07-02 01:12:11,65.33263224670442
2025-07-02 01:12:26,67.33542780212171
2025-07-02 01:12:41,69.34009852813446
2025-07-02 01:13:00,72.22695389076051
2025-07-02 01:13:19,72.66263722026576
2025-07-02 01:13:34,70.96992114725178
2025-07-02 01:13:54,70.20200293794719
2025-07-02 01:14:11,72.14857825512863
2025-07-02 01:14:30,72.62407859480601
2025-07-02 01:14:47,71.41939269734918
2025-07-02 01:15:07,74.9653754693232
2025-07-02 01:15:22,74.41662746216151
2025-07-02 01:15:42,74.19293698808994
2025-07-02 01:16:01,74.0247999229059
2025-07-02 01:16:17,73.58063627968713
2025-07-02 01:16:32,73.27812451000783
2025-07-02 01:16:50,72.20608914686761
2025-07-02 01:17:07,72.62545111870482
2025-07-02 01:17:27,74.05488532270802
2025-07-02 01:17:42,73.99263817093852
2025-07-02 01:18:02,75.83740592758495
2025-07-02 01:18:17,70.79341740295945
2025-07-02 01:18:36,71.34972351350414
2025-07-02 01:18:55,74.38812615089063
2025-07-02 01:19:14,67.97775648779547
2025-07-02 01:19:34,69.04761662992296
2025-07-02 01:19:52,66.56827009581559
2025-07-02 01:20:11,68.39082484017126
2025-07-02 01:20:26,70.25087702097898
2025-07-02 01:20:45,72.42635674423289
2025-07-02 01:21:01,72.35703881589659
2025-07-02 01:21:20,68.54864232259006
2025-07-02 01:21:40,71.50527003337454
2025-07-02 01:21:58,68.77850876113826
2025-07-02 01:22:14,75.87695006505744
2025-07-02 01:22:34,72.09030890123131
2025-07-02 01:22:54,70.75095299075167
2025-07-02 01:23:14,74.68260851904452
2025-07-02 01:23:29,76.90647512988764
2025-07-02 01:23:49,71.983156423926
2025-07-02 01:24:04,75.8230060137399
2025-07-02 01:24:24,76.59290432751517
2025-07-02 01:24:41,77.95610844412302
2025-07-02 01:24:57,76.02537662719024
2025-07-02 01:25:14,78.6333108745721
2025-07-02 01:25:34,79.69175783960283
2025-07-02 01:25:50,80.68669308997589
2025-07-02 01:26:06,76.12777424428532
2025-07-02 01:26:24,81.91716339518172
2025-07-02 01:26:41,79.68887867429335
2025-07-02 01:26:59,81.90288611933394
2025-07-02 01:27:15,80.28719748197221
2025-07-02 01:27:30,81.5339433983891
2025-07-02 01:27:46,82.89429487124563
2025-07-02 01:28:04,82.24695092816698
2025-07-02 01:28:21,79.85396284368373
2025-07-02 01:28:41,80.04946301242666
2025-07-02 01:29:01,79.91998258558297
2025-07-02 01:29:18,77.91440910177455
2025-07-02 01:29:38,79.4552441653787
2025-07-02 01:29:58,74.18254480852245
2025-07-02 01:30:16,73.02973839840553
2025-07-02 01:30:33,76.97135425494515
2025-07-02 01:30:52,79.68599120902499
2025-07-02 01:31:07,76.76867947404016
2025-07-02 01:31:22,78.12916589112089
2025-07-02 01:31:42,72.76264368782431
2025-07-02 01:31:57,77.02267833392264
2025-07-02 01:32:14,77.92545768973146
2025-07-02 01:32:31,73.17366312065596
2025-07-02 01:32:47,77.00680933270044
2025-07-02 01:33:03,78.16908624555806
2025-07-02 01:33:18,79.07024868762919
2025-07-02 01:33:37,77.49001217504454
2025-07-02 01:33:53,77.48492008183032
2025-07-02 01:34:09,80.94961333333892
2025-07-02 01:34:26,79.69109496592063
2025-07-02 01:34:45,82.0249658646023
2025-07-02 01:35:05,79.78987550053398
2025-07-02 01:35:20,81.65911082725964
2025-07-02 01:35:36,80.23117170224842
2025-07-02 01:35:55,80.00632391101362
2025-07-02 01:36:14,86.39993864325324
2025-07-02 01:36:29,81.56161761098997
2025-07-02 01:36:48,82.61114599646001
2025-07-02 01:37:07,82.1477014200043
2025-07-02 01:37:26,82.48667677661683
2025-07-02 01:37:42,83.58788161010077
2025-07-02 01:37:57,80.04886265375406
2025-07-02 01:38:16,80.6401581850642
2025-07-02 01:38:35,75.75473643215547
2025-07-02 01:38:51,79.16219395642555
2025-07-02 01:39:06,82.94090417741262
2025-07-02 01:39:23,78.0050192610508
2025-07-02 01:39:39,78.24529162965631
2025-07-02 01:39:54,83.1648785233366
2025-07-02 01:40:13,77.38346242763915
2025-07-02 01:40:28,74.52832854441442
2025-07-02 01:40:43,72.38493887432355
2025-07-02 01:41:03,74.91579249996708
2025-07-02 01:41:18,71.44499960611215
2025-07-02 01:41:35,72.41174018534672
2025-07-02 01:41:50,75.44786533950472
2025-07-02 01:42:07,75.39831751885535
2025-07-02 01:42:26,75.05087296093375
2025-07-02 01:42:43,74.67781421808633
2025-07-02 01:43:02,72.80368276632377
2025-07-02 01:43:21,76.66788540465092
2025-07-02 01:43:38,72.16682553045618
2025-07-02 01:43:54,73.95804520276981
2025-07-02 01:44:12,71.74007704960319
2025-07-02 01:44:27,77.60161301418557
2025-07-02 01:44:47,75.39068388817154
2025-07-02 01:45:05,76.44048040401759
2025-07-02 01:45:20,74.28276112759815
2025-07-02 01:45:35,75.05825607670468
2025-07-02 01:45:54,74.60376885926895
2025-07-02 01:46:09,75.61404083517517
2025-07-02 01:46:29,76.42002029012016
2025-07-02 01:46:44,76.02941276222475
2025-07-02 01:47:01,74.8467430126126
2025-07-02 01:47:19,74.61354135000573
2025-07-02 01:47:36,77.3863655381311
2025-07-02 01:47:56,73.63869276507452
2025-07-02 01:48:11,75.33490257302557
2025-07-02 01:48:31,72.5851799377653
2025-07-02 01:48:50,74.30895119997766
2025-07-02 01:49:07,71.82352128777244
2025-07-02 01:49:24,71.75650520467264
2025-07-02 01:49:40,67.75601555365576
2025-07-02 01:49:55,68.87536109521947
2025-07-02 01:50:14,71.06930384395737
2025-07-02 01:50:31,68.31535262162642
2025-07-02 01:50:48,67.28395980079168
2025-07-02 01:51:07,68.34598430115862
2025-07-02 01:51:27,65.50147125357454
2025-07-02 01:51:47,67.90065291033648
2025-07-02 01:52:02,65.60929171886872
2025-07-02 01:52:18,68.69157871300257
2025-07-02 01:52:35,66.20572418710822
2025-07-02 01:52:51,68.21997137771675
2025-07-02 01:53:11,66.89174839974268
2025-07-02 01:53:31,70.30095551264533
2025-07-02 01:53:49,63.54202622053883
2025-07-02 01:54:04,69.65452460801457
2025-07-02 01:54:22,68.68436211105
2025-07-02 01:54:40,68.94003846825117
2025-07-02 01:54:58,70.10182986069135
2025-07-02 01:55:13,71.26083567177541
2025-07-02 01:55:28,72.00393169097285
2025-07-02 01:55:47,72.02892072239669
2025-07-02 01:56:03,70.96114880721134
2025-07-02 01:56:19,71.42178781604433
2025-07-02 01:56:38,73.25799522125958
2025-07-02 01:56:57,72.74687113664129
2025-07-02 01:57:17,77.3632358627007
2025-07-02 01:57:35,73.33992983483284
2025-07-02 01:57:54,75.57171959271432
2025-07-02 01:58:11,71.40903097784677
2025-07-02 01:58:27,70.63439623718777
2025-07-02 01:58:46,69.3161079118452
2025-07-02 01:59:03,72.47306541345212
2025-07-02 01:59:20,75.42692896442315
2025-07-02 01:59:37,72.35990111231888
2025-07-02 01:59:57,73.33045403655076
2025-07-02 02:00:17,67.29798608664406
2025-07-02 02:00:34,73.01982773562955
2025-07-02 02:00:54,68.3511369064847
2025-07-02 02:01:12,72.9263467460624
2025-07-02 02:01:29,69.66683577025886
2025-07-02 02:01:47,70.67612034736881
2025-07-02 02:02:05,73.80968998183053
2025-07-02 02:02:22,70.05426353691882
2025-07-02 02:02:38,68.8904530709089
2025-07-02 02:02:55,70.02384318754861
2025-07-02 02:03:12,69.12121135857605
2025-07-02 02:03:32,70.80646211118678
2025-07-02 02:03:49,71.20262660536982
2025-07-02 02:04:05,72.24782838217341
2025-07-02 02:04:25,73.38931790340821
2025-07-02 02:04:40,72.03703588755897
2025-07-02 02:04:55,71.38041011645875
2025-07-02 02:05:13,74.04080028894549
2025-07-02 02:05:31,76.66193187382727
2025-07-02 02:05:47,74.13921196387186
2025-07-02 02:06:06,79.44932801981996
2025-07-02 02:06:21,77.96585014920748
2025-07-02 02:06:39,79.74672412975633
2025-07-02 02:06:54,75.94875787735194
2025-07-02 02:07:10,76.21052273001109
2025-07-02 02:07:26,82.14532395947455
2025-07-02 02:07:45,79.43025686227736
2025-07-02 02:08:04,79.1024174722674
2025-07-02 02:08:24,83.49450237709819
2025-07-02 02:08:40,79.96231862510093
2025-07-02 02:08:58,81.20104360944879
2025-07-02 02:09:13,81.02827325467186
2025-07-02 02:09:30,79.71301962570094
2025-07-02 02:09:49,79.23284420833683
2025-07-02 02:10:06,83.02569882540891
2025-07-02 02:10:24,82.02642278686392
2025-07-02 02:10:43,78.32966553826985
2025-07-02 02:11:00,76.56803434844254
2025-07-02 02:11:18,77.52705188998253
2025-07-02 02:11:33,79.80042408985817
2025-07-02 02:11:51,75.50350631046983
2025-07-02 02:12:11,77.82930260472544
2025-07-02 02:12:30,75.89232942430247
2025-07-02 02:12:46,73.29165671485144
2025-07-02 02:13:01,77.85781176553279
2025-07-02 02:13:18,75.75692405521083
2025-07-02 02:13:37,73.98062190224036
2025-07-02 02:13:53,76.40694080489534
2025-07-02 02:14:11,79.58909595960274
2025-07-02 02:14:27,74.5464809993635
2025-07-02 02:14:46,77.9099429690088
2025-07-02 02:15:05,74.31725559452505
2025-07-02 02:15:25,78.60259233007575
2025-07-02 02:15:45,79.15905656082285
2025-07-02 02:16:01,83.3690203329417
2025-07-02 02:16:19,82.34579995745533
2025-07-02 02:16:35,78.45837123268232
2025-07-02 02:16:54,86.22107992734388
2025-07-02 02:17:13,81.1784819042145
2025-07-02 02:17:30,82.17535154826056
2025-07-02 02:17:50,82.77576197119153
2025-07-02 02:18:07,81.87632292008983
2025-07-02 02:18:22,81.46380269431899
2025-07-02 02:18:41,82.43531903546581
2025-07-02 02:18:58,80.93174240239068
2025-07-02 02:19:14,82.453072567981
2025-07-02 02:19:34,83.4519506951646
2025-07-02 02:19:54,77.64465935600644
2025-07-02 02:20:12,84.2064607545164
2025-07-02 02:20:28,78.97055023896974
2025-07-02 02:20:46,78.90707401618401
2025-07-02 02:21:03,77.78399192927105
2025-07-02 02:21:18,76.88655683313448
2025-07-02 02:21:34,76.08362759519855
2025-07-02 02:21:50,80.74809709307544
2025-07-02 02:22:06,79.11370259401684
2025-07-02 02:22:24,76.64114579714492
2025-07-02 02:22:41,73.38192351414818
2025-07-02 02:22:57,75.92438676034647
2025-07-02 02:23:13,73.22049229300333
2025-07-02 02:23:33,74.50037119702664
2025-07-02 02:23:48,73.58525197213208
2025-07-02 02:24:08,75.34767753579837
2025-07-02 02:24:28,72.82680010470241
2025-07-02 02:24:43,74.90069591256443
2025-07-02 02:25:00,73.63500280133611
2025-07-02 02:25:20,74.8463692225191
2025-07-02 02:25:37,74.34741189620362
2025-07-02 02:25:57,71.8887771509342
2025-07-02 02:26:16,76.61056436797428
2025-07-02 02:26:31,73.40873346131731
2025-07-02 02:26:51,77.31753234115493
2025-07-02 02:27:10,73.25268140248316
2025-07-02 02:27:28,72.15514735047867
2025-07-02 02:27:47,76.77440246748667
2025-07-02 02:28:03,77.54235607729366
2025-07-02 02:28:23,72.25452337147377
2025-07-02 02:28:42,80.01464045997947
2025-07-02 02:28:59,76.06217550905667
2025-07-02 02:29:17,75.13291083946172
2025-07-02 02:29:37,76.29590682317422
2025-07-02 02:29:53,77.66194377224204
2025-07-02 02:30:12,75.32632845129365
2025-07-02 02:30:30,74.46452718744214
2025-07-02 02:30:50,74.14440488021052
2025-07-02 02:31:08,72.83138946158381
2025-07-02 02:31:24,69.53129186121522
2025-07-02 02:31:43,73.95077689212259
2025-07-02 02:32:01,71.35429788330342
2025-07-02 02:32:19,70.99813552864019
2025-07-02 02:32:34,70.74055577635927
2025-07-02 02:32:52,67.9810904941126
2025-07-02 02:33:07,69.42343379196927
2025-07-02 02:33:26,68.311593338805
2025-07-02 02:33:46,64.85605943162325
2025-07-02 02:34:06,70.34349712687614
2025-07-02 02:34:25,67.85500115211542
2025-07-02 02:34:44,69.39356150016417
2025-07-02 02:35:01,70.7815928452775
2025-07-02 02:35:20,64.49996876025645
2025-07-02 02:35:38,65.22358204600445
2025-07-02 02:35:58,67.12543478958153
2025-07-02 02:36:14,69.07386851104353
2025-07-02 02:36:34,67.38952425027247
2025-07-02 02:36:49,67.94323434970931
2025-07-02 02:37:09,67.93943381183053
2025-07-02 02:37:26,67.23234879634764
2025-07-02 02:37:45,67.7778462958983
2025-07-02 02:38:04,70.3532080834428
2025-07-02 02:38:24,70.24849405756459
2025-07-02 02:38:40,77.11992027281336
2025-07-02 02:38:56,72.60091863268204
2025-07-02 02:39:13,70.96149703254038
2025-07-02 02:39:28,74.2796549902199
2025-07-02 02:39:48,71.96329091588072
2025-07-02 02:40:07,78.42440485764317
2025-07-02 02:40:27,73.62306459003524
2025-07-02 02:40:44,73.14113629678302
2025-07-02 02:41:02,73.92832477946
2025-07-02 02:41:20,74.05354521951699
2025-07-02 02:41:37,76.12977402028893
2025-07-02 02:41:56,72.9151516211163
2025-07-02 02:42:13,72.69691554115481
2025-07-02 02:42:32,73.92874784385295
2025-07-02 02:42:48,70.8542534978462
2025-07-02 02:43:05,69.2852553380882
2025-07-02 02:43:24,70.43871544176487
2025-07-02 02:43:41,71.27258480732125
2025-07-02 02:43:58,70.79936802883579
2025-07-02 02:44:17,68.22372633267305
2025-07-02 02:44:36,71.24553455382227
2025-07-02 02:44:51,71.16605355503955
2025-07-02 02:45:08,71.9404607935032
2025-07-02 02:45:26,70.9313675559025
2025-07-02 02:45:43,68.8841086167682
2025-07-02 02:46:00,70.03567769582551
2025-07-02 02:46:19,71.20180847487292
2025-07-02 02:46:36,70.89224106940617
2025-07-02 02:46:56,69.25365537394514
2025-07-02 02:47:13,74.55752693004509
2025-07-02 02:47:33,73.86671003314032
2025-07-02 02:47:51,74.03110350006706
2025-07-02 02:48:10,75.69100234359878
2025-07-02 02:48:27,74.9592352409966
2025-07-02 02:48:47,76.37181183719754
2025-07-02 02:49:07,75.80548048456666
2025-07-02 02:49:27,76.78111263411455
2025-07-02 02:49:43,77.9877750986571
2025-07-02 02:49:58,80.54296988188706
2025-07-02 02:50:16,77.28246943417842
2025-07-02 02:50:33,78.80486408542554
2025-07-02 02:50:49,82.28664370099969
2025-07-02 02:51:06,80.68390739991447
2025-07-02 02:51:23,78.93384271221299
2025-07-02 02:51:42,80.62121717322647
2025-07-02 02:52:01,80.97878121981817
2025-07-02 02:52:20,81.97872574971028
2025-07-02 02:52:36,78.76481166673537
2025-07-02 02:52:53,84.13070077678411
2025-07-02 02:53:08,78.73129650446144
2025-07-02 02:53:26,78.86829399997922
2025-07-02 02:53:45,82.04768703593625
2025-07-02 02:54:04,76.74073171829585
2025-07-02 02:54:21,77.31902674402289
2025-07-02 02:54:38,74.8594020171316
2025-07-02 02:54:54,75.32316678967352
2025-07-02 02:55:10,74.92513764733036
2025-07-02 02:55:29,76.62227791074753
2025-07-02 02:55:46,78.53973536247334
2025-07-02 02:56:01,75.28964137076127
2025-07-02 02:56:19,78.79877953315098
2025-07-02 02:56:36,75.97572321787945
2025-07-02 02:56:53,78.5994556731409
2025-07-02 02:57:13,75.67521935198779
2025-07-02 02:57:29,78.37262760513481
2025-07-02 02:57:47,79.16373542359412
2025-07-02 02:58:06,81.80828066735216
2025-07-02 02:58:23,78.67810692341168
2025-07-02 02:58:42,78.79376431402618
2025-07-02 02:58:59,79.09203874688411
2025-07-02 02:59:18,79.4579277178868
2025-07-02 02:59:36,84.46718146920256
2025-07-02 02:59:52,81.29023717488887
2025-07-02 03:00:10,80.80791366525376
2025-07-02 03:00:30,81.99427908202021
2025-07-02 03:00:45,83.63642819949072
2025-07-02 03:01:01,81.44044042153128
2025-07-02 03:01:19,83.75123803241976
2025-07-02 03:01:39,85.79061193810476
2025-07-02 03:01:54,80.84783956408346
2025-07-02 03:02:14,82.5169320575675
2025-07-02 03:02:31,82.31888917199888
2025-07-02 03:02:48,84.88406766515536
2025-07-02 03:03:07,80.32225349298304
2025-07-02 03:03:23,78.10814349851174
2025-07-02 03:03:40,77.8429722646826
2025-07-02 03:04:00,79.64719441344303
2025-07-02 03:04:16,79.22789099384751
2025-07-02 03:04:33,77.98243993544038
2025-07-02 03:04:52,77.13257376367244
2025-07-02 03:05:10,81.4558813084536
2025-07-02 03:05:29,74.23547573599036
2025-07-02 03:05:44,76.10861601279659
2025-07-02 03:06:01,75.98857249755731
2025-07-02 03:06:16,77.7281999741488
2025-07-02 03:06:31,73.54432582548642
2025-07-02 03:06:51,75.17312454153137
2025-07-02 03:07:07,75.89159412346673
2025-07-02 03:07:27,74.68057862899944
2025-07-02 03:07:44,75.93805078382229
2025-07-02 03:07:59,76.56122854254377
2025-07-02 03:08:17,75.34687596164642
2025-07-02 03:08:32,73.74819967682275
2025-07-02 03:08:50,76.9818431258767
2025-07-02 03:09:10,73.19203856866412
2025-07-02 03:09:30,75.57237986355814
2025-07-02 03:09:46,75.17133430757102
2025-07-02 03:10:01,77.86522011652247
2025-07-02 03:10:20,76.34109953773465
2025-07-02 03:10:40,73.37841467057015
2025-07-02 03:11:00,77.76303030445021
2025-07-02 03:11:16,80.54217658704756
2025-07-02 03:11:34,75.36502221230265
2025-07-02 03:11:50,76.5291072287969
2025-07-02 03:12:05,79.13677909565716
2025-07-02 03:12:22,75.34739670268658
2025-07-02 03:12:39,76.59874908634185
2025-07-02 03:12:57,75.13066248580613
2025-07-02 03:13:17,73.76780479599023
2025-07-02 03:13:35,76.19536749200687
2025-07-02 03:13:55,71.53896126510195
2025-07-02 03:14:15,71.35375958738128
2025-07-02 03:14:32,74.21179501712315
2025-07-02 03:14:50,68.21199702310159
2025-07-02 03:15:06,70.90196995824793
2025-07-02 03:15:26,72.78689919897117
2025-07-02 03:15:45,67.58106735338797
2025-07-02 03:16:04,72.62949456723344
2025-07-02 03:16:20,63.65518258308377
2025-07-02 03:16:39,67.87838118820363
2025-07-02 03:16:54,66.27810808813922
2025-07-02 03:17:14,67.28257678358726
2025-07-02 03:17:30,68.04060564092909
2025-07-02 03:17:48,65.47074873820505
2025-07-02 03:18:08,67.82022265485428
2025-07-02 03:18:24,68.72147427115092
2025-07-02 03:18:41,69.69993671594952
2025-07-02 03:18:59,67.12592082675044
2025-07-02 03:19:16,66.02193227862244
2025-07-02 03:19:36,68.59713795170201
2025-07-02 03:19:54,70.1626742459488
2025-07-02 03:20:13,70.41718720864313
2025-07-02 03:20:29,68.28996618169361
2025-07-02 03:20:49,74.09519281855054
2025-07-02 03:21:04,72.46646892769759
2025-07-02 03:21:22,72.93333120853251
2025-07-02 03:21:40,73.62364034392334
2025-07-02 03:22:00,73.88484842778173
2025-07-02 03:22:20,74.51438698005386
2025-07-02 03:22:37,74.8751913204345
2025-07-02 03:22:56,74.8164121591912
2025-07-02 03:23:13,73.94815847928596
2025-07-02 03:23:30,73.1832921221042
2025-07-02 03:23:49,76.722553351872
2025-07-02 03:24:04,71.01196927243598
2025-07-02 03:24:21,72.54194286594016
2025-07-02 03:24:38,71.36314407125505
2025-07-02 03:24:56,72.35358709013106
2025-07-02 03:25:15,70.92231261069168
2025-07-02 03:25:31,68.40865184818196
2025-07-02 03:25:46,67.4685939817205
2025-07-02 03:26:01,67.94736843660225
2025-07-02 03:26:20,72.35979043443704
2025-07-02 03:26:40,71.23595705420057
2025-07-02 03:27:00,68.16402723503616
2025-07-02 03:27:18,70.46077271770714
2025-07-02 03:27:36,67.6112419237607
2025-07-02 03:27:55,73.26331901855858
2025-07-02 03:28:13,69.88908365281496
2025-07-02 03:28:28,70.79055567826396
2025-07-02 03:28:43,68.28536793034637
2025-07-02 03:28:59,70.47403288586717
2025-07-02 03:29:19,69.89156817131052
2025-07-02 03:29:38,70.95789268685095
2025-07-02 03:29:55,76.59578882943245
2025-07-02 03:30:15,73.3618620761138
2025-07-02 03:30:32,75.09020806193395
2025-07-02 03:30:48,77.90853450815861
2025-07-02 03:31:04,76.70923586191985
2025-07-02 03:31:22,75.34321934183446
2025-07-02 03:31:38,78.60975017658492
2025-07-02 03:31:54,79.53892791221617
2025-07-02 03:32:11,79.94934492401909
2025-07-02 03:32:29,78.80904837180933
2025-07-02 03:32:45,81.99677558000917
2025-07-02 03:33:05,81.35593017185123
2025-07-02 03:33:21,79.66388319180865
2025-07-02 03:33:39,83.67098078789606
2025-07-02 03:33:58,79.0529438851592
2025-07-02 03:34:16,79.0682380287323
2025-07-02 03:34:33,79.74402627221754
2025-07-02 03:34:52,81.12387087100682
2025-07-02 03:35:12,78.3165887379572
2025-07-02 03:35:27,81.0594365639424
2025-07-02 03:35:45,82.81462892082584
2025-07-02 03:36:02,79.10714352249535
2025-07-02 03:36:22,77.99467415241175
2025-07-02 03:36:41,79.11234625553288
2025-07-02 03:37:01,75.80260806679476
2025-07-02 03:37:19,74.27782783398759
2025-07-02 03:37:35,78.1294220860226
2025-07-02 03:37:53,76.2461397950634
2025-07-02 03:38:08,79.6913686512203
2025-07-02 03:38:26,73.17587354831902
2025-07-02 03:38:45,75.98014955664277
2025-07-02 03:39:04,78.92005091975892
2025-07-02 03:39:22,78.3749469979171
2025-07-02 03:39:41,79.00570536599241
2025-07-02 03:39:57,77.0819757929966
2025-07-02 03:40:17,78.81623247551695
2025-07-02 03:40:35,79.96043960134428
2025-07-02 03:40:51,77.31811470629876
2025-07-02 03:41:11,83.19486103795339
2025-07-02 03:41:31,78.77694757078069
2025-07-02 03:41:47,81.7420228791217
2025-07-02 03:42:04,81.7455672264882
2025-07-02 03:42:22,80.06344162992112
2025-07-02 03:42:42,81.13581104937715
2025-07-02 03:43:02,84.58660010864526
2025-07-02 03:43:21,82.03877597429525
2025-07-02 03:43:41,84.548932380317
2025-07-02 03:43:57,77.97913315701435
2025-07-02 03:44:17,81.96445936894551
2025-07-02 03:44:34,81.69492494744803
2025-07-02 03:44:52,79.05187303437738
2025-07-02 03:45:10,83.51451886006822
2025-07-02 03:45:30,80.43144923602236
2025-07-02 03:45:45,81.4456618060287
2025-07-02 03:46:00,81.33143626976813
2025-07-02 03:46:16,78.8628570300503
2025-07-02 03:46:31,79.8355155422581
2025-07-02 03:46:47,77.28285579525073
2025-07-02 03:47:06,75.24559894322705
2025-07-02 03:47:22,79.83029161798325
2025-07-02 03:47:37,77.65179557782166
2025-07-02 03:47:57,75.1784307505669
2025-07-02 03:48:16,74.64340856491297
2025-07-02 03:48:31,78.34520665113939
2025-07-02 03:48:47,74.91705272408544
2025-07-02 03:49:04,76.14687913755786
2025-07-02 03:49:22,73.72466303881491
2025-07-02 03:49:37,73.32326069542799
2025-07-02 03:49:53,73.43193982830675
2025-07-02 03:50:12,74.91792465631872
2025-07-02 03:50:27,73.87649058953646
2025-07-02 03:50:42,74.79094511701581
2025-07-02 03:51:00,74.56910114199711
2025-07-02 03:51:16,71.23364028751713
2025-07-02 03:51:33,76.03568238390095
2025-07-02 03:51:52,77.01742344999153
2025-07-02 03:52:08,72.64821284752092
2025-07-02 03:52:27,76.41238897405438
2025-07-02 03:52:42,77.7437441454324
2025-07-02 03:53:00,75.63796486133903
2025-07-02 03:53:18,74.29267311204792
2025-07-02 03:53:38,77.04735520260783
2025-07-02 03:53:55,77.28665952215266
2025-07-02 03:54:13,76.85161390539665
2025-07-02 03:54:28,77.58166858001562
2025-07-02 03:54:45,76.30333252714587
2025-07-02 03:55:01,77.29412499926343
2025-07-02 03:55:19,77.09686258465189
2025-07-02 03:55:36,75.14056551315528
2025-07-02 03:55:51,76.27845657164312
2025-07-02 03:56:11,75.7895435389149
2025-07-02 03:56:30,73.2986211190894
2025-07-02 03:56:49,73.37362825097254
2025-07-02 03:57:04,69.41495192476157
2025-07-02 03:57:19,71.22039632615589
2025-07-02 03:57:38,69.40947975414632
2025-07-02 03:57:58,70.32416671114618
2025-07-02 03:58:15,69.44977869107093
2025-07-02 03:58:34,71.64541044870616
2025-07-02 03:58:49,68.2662929004772
2025-07-02 03:59:07,68.54721475527202
2025-07-02 03:59:23,69.86541220670863
2025-07-02 03:59:43,65.79957342327278
2025-07-02 04:00:03,69.23104540397952
2025-07-02 04:00:21,67.23783123640084
2025-07-02 04:00:39,68.84545749995361
2025-07-02 04:00:54,67.95194122361728
2025-07-02 04:01:13,67.90966725472754
2025-07-02 04:01:30,67.23476880155987
2025-07-02 04:01:50,66.58747458300671
2025-07-02 04:02:10,70.81459552966808
2025-07-02 04:02:28,68.05683991914032
2025-07-02 04:02:47,66.71377128691528
2025-07-02 04:03:07,68.46108844646038
2025-07-02 04:03:24,74.9805411926668
2025-07-02 04:03:42,71.72907918249958
2025-07-02 04:03:59,75.97237770423722
2025-07-02 04:04:18,74.21017492684672
2025-07-02 04:04:38,68.53798086266812
2025-07-02 04:04:54,77.65721766064563
2025-07-02 04:05:14,68.98503789444156
2025-07-02 04:05:33,74.02959573534436
2025-07-02 04:05:53,78.29007127693116
2025-07-02 04:06:13,74.96897560875837
2025-07-02 04:06:28,74.15191355363446
2025-07-02 04:06:48,74.66887658965614
2025-07-02 04:07:08,73.43566593657178
2025-07-02 04:07:25,72.48952158249666
2025-07-02 04:07:41,70.89786227883167
2025-07-02 04:07:58,71.1152580513066
2025-07-02 04:08:15,68.0061835548838
2025-07-02 04:08:33,70.03217880881706
2025-07-02 04:08:48,68.23521137949307
2025-07-02 04:09:05,71.5682139132373
2025-07-02 04:09:24,72.67144049785176
2025-07-02 04:09:43,66.51328205966438
2025-07-02 04:10:03,70.4976809534098
2025-07-02 04:10:21,68.31729041393702
2025-07-02 04:10:36,70.58111872189063
2025-07-02 04:10:51,68.97198791736835
2025-07-02 04:11:11,70.88527098012574
2025-07-02 04:11:30,68.29839250096506
2025-07-02 04:11:46,72.35580230369736
2025-07-02 04:12:04,69.22413676493034
2025-07-02 04:12:24,73.33648356064059
2025-07-02 04:12:42,74.55070754888612
2025-07-02 04:13:01,75.37519762411708
2025-07-02 04:13:20,76.00636498847827
2025-07-02 04:13:36,74.73809556652706
2025-07-02 04:13:52,77.23554468087724
2025-07-02 04:14:07,77.12186099950831
2025-07-02 04:14:25,77.36213118887349
2025-07-02 04:14:43,77.23628239916084
2025-07-02 04:15:02,76.23061589990398
2025-07-02 04:15:17,80.62342347349728
2025-07-02 04:15:37,77.88587548263644
2025-07-02 04:15:55,79.1019291802155
2025-07-02 04:16:10,80.21986260159399
2025-07-02 04:16:25,82.68021612877938
2025-07-02 04:16:44,79.19123173589314
2025-07-02 04:16:59,78.25183775479373
2025-07-02 04:17:15,83.85664652655818
2025-07-02 04:17:31,77.83498162591927
2025-07-02 04:17:48,80.64931623017893
2025-07-02 04:18:07,79.44449153056084
2025-07-02 04:18:27,78.18962285423154
2025-07-02 04:18:44,78.33129790318104
2025-07-02 04:19:00,78.14592114798333
2025-07-02 04:19:17,82.07506330498924
2025-07-02 04:19:36,75.23748365341963
2025-07-02 04:19:55,74.98354614631887
2025-07-02 04:20:10,81.89480691138634
2025-07-02 04:20:28,75.83282489070838
2025-07-02 04:20:43,80.67780581893146
2025-07-02 04:21:02,75.40324238704737
2025-07-02 04:21:18,79.75821688568975
2025-07-02 04:21:38,76.27966891306055
2025-07-02 04:21:54,76.7424622364895
2025-07-02 04:22:09,75.5419760813104
2025-07-02 04:22:29,76.4658617186311
2025-07-02 04:22:48,77.09395663110928
2025-07-02 04:23:04,77.35021940538701
2025-07-02 04:23:23,79.2275164112159
2025-07-02 04:23:43,78.48646972014066
2025-07-02 04:24:03,82.00065044414484
2025-07-02 04:24:19,77.81026347721178
2025-07-02 04:24:38,84.45073993442973
2025-07-02 04:24:55,79.7910007429467
2025-07-02 04:25:14,84.98532495050273
2025-07-02 04:25:34,80.9364508320606
2025-07-02 04:25:53,83.01995979273717
2025-07-02 04:26:08,82.92954450283476
2025-07-02 04:26:25,83.55954221239251
2025-07-02 04:26:43,81.8241300877207
2025-07-02 04:26:58,79.77027939566628
2025-07-02 04:27:16,81.8061485538058
2025-07-02 04:27:32,79.47178103725116
2025-07-02 04:27:50,83.63745192755229
2025-07-02 04:28:09,82.6087004389192
2025-07-02 04:28:27,78.42531884530048
2025-07-02 04:28:47,79.60406992312393
2025-07-02 04:29:02,79.76945775053262
2025-07-02 04:29:17,82.66064354776628
2025-07-02 04:29:35,77.60105701239392
2025-07-02 04:29:50,76.36190200889328
2025-07-02 04:30:10,76.43974815806372
2025-07-02 04:30:25,75.83878430677892
2025-07-02 04:30:43,77.27812901301877
2025-07-02 04:31:00,72.6142034937649
2025-07-02 04:31:17,70.36880808058793
2025-07-02 04:31:33,75.06751405934196
2025-07-02 04:31:48,69.99254390041732
2025-07-02 04:32:06,73.10660934323384
2025-07-02 04:32:21,78.06784569207085
2025-07-02 04:32:40,74.28416325936517
2025-07-02 04:33:00,74.1035116876947
2025-07-02 04:33:15,74.74297865148553
2025-07-02 04:33:30,74.39483903518321
2025-07-02 04:33:47,75.32248829847073
2025-07-02 04:34:07,74.22120215876708
2025-07-02 04:34:25,76.9305466630202
2025-07-02 04:34:40,74.37158069906155
2025-07-02 04:34:57,76.27837378055412
2025-07-02 04:35:13,74.14574473253468
2025-07-02 04:35:33,76.30931909627343
2025-07-02 04:35:50,78.17713381653371
2025-07-02 04:36:07,76.89555799360133
2025-07-02 04:36:24,77.0079646408686
2025-07-02 04:36:39,78.88751444191176
2025-07-02 04:36:54,76.69742283874525
2025-07-02 04:37:10,73.65485326640713
2025-07-02 04:37:29,73.38783161939008
2025-07-02 04:37:48,73.9610857886292
2025-07-02 04:38:07,73.81733074379741
2025-07-02 04:38:27,74.15184047242165
2025-07-02 04:38:47,73.24308371155249
2025-07-02 04:39:03,73.4722288650565
2025-07-02 04:39:23,69.93457473887962
2025-07-02 04:39:42,68.55582237551408
2025-07-02 04:40:01,69.68235134922824
2025-07-02 04:40:18,69.04174593351138
2025-07-02 04:40:38,72.29344176212891
2025-07-02 04:40:53,69.75098842118372
2025-07-02 04:41:08,70.5080832295633
2025-07-02 04:41:25,67.88954773634863
2025-07-02 04:41:42,66.55443695727486
2025-07-02 04:41:59,66.83681435902797
2025-07-02 04:42:14,66.83627002936142
2025-07-02 04:42:33,67.86598900813688
2025-07-02 04:42:50,67.44468925920978
2025-07-02 04:43:06,69.32565468685097
2025-07-02 04:43:23,70.31381587849937
2025-07-02 04:43:41,64.21482366058775
2025-07-02 04:43:58,68.43991466050896
2025-07-02 04:44:13,66.4943820115579
2025-07-02 04:44:33,69.31215951763336
2025-07-02 04:44:50,66.31133359555673
2025-07-02 04:45:10,72.23306995097083
2025-07-02 04:45:28,71.77950635617444
2025-07-02 04:45:44,66.7312785761335
2025-07-02 04:46:04,72.40842350840178
2025-07-02 04:46:23,70.48899473649905
2025-07-02 04:46:40,73.39227278404543
2025-07-02 04:46:58,73.41203468487112
2025-07-02 04:47:16,73.96978314198856
2025-07-02 04:47:36,72.29276287889674
2025-07-02 04:47:52,74.42839630842326
2025-07-02 04:48:07,73.25850223152453
2025-07-02 04:48:24,71.50643164520103
2025-07-02 04:48:42,71.47457258902337
2025-07-02 04:48:58,73.1114232509393
2025-07-02 04:49:17,73.10452014890836
2025-07-02 04:49:35,68.3767615765773
2025-07-02 04:49:51,74.36320542274669
2025-07-02 04:50:06,69.36256342549865
2025-07-02 04:50:21,72.91340964567516
2025-07-02 04:50:39,71.21981160222316
2025-07-02 04:50:57,72.41291600672808
2025-07-02 04:51:17,70.27791826086143
2025-07-02 04:51:34,71.57723323025354
2025-07-02 04:51:50,71.3624605839567
